Pre Escola(publico),Fundamental e Medio (publico),Graduacao e Pos (publico),Pre Escola (particular),Fundamental e Medio(particular),Graduacao e Pos (particular),Medio comp.  e Sup. incomp. (+25), Superior completo (+25)
|1235,64157956|,|3877,55431679|,|126,54670974|,|326,01937739|,|847,76215831|,|1473,46515966|,|5721,94277094|,|3711,92497301|
|180,96110524|,|760,20116481|,|26,64169318|,0,|21,36394112|,|77,06222155|,|316,98185733|,|158,57406936|
|1506,88648026|,|5181,22254664|,|192,30266935|,|149,56343335|,|474,0839708|,|495,47863481|,|3274,08707627|,|1465,6768856|
|308,25644958|,|914,12588448|,|26,19462982|,|44,50199971|,|106,2473565|,|132,61045662|,|1093,72925873|,|662,69396504|
|768,6274396|,|2370,37920976|,|73,94020999|,|75,80359296|,|309,84749353|,|316,94273754|,|2083,17087547|,|1198,77972924|
|341,46475316|,|976,7731895|,|13,3640125|,|7,83936421|,|58,12353776|,|122,95129342|,|719,56619597|,|433,69293251|
|94,18414774|,|374,18541179|,|22,37729677|,|12,58614007|,|67,60682892|,|108,69592884|,|596,51782995|,|580,25634646|
|1788,81708667|,|6274,95627735|,|179,78982434|,|154,19798255|,|913,79766734|,|804,56656699|,|5084,85815688|,|1667,31227708|
|225,85980592|,|933,98744618|,|23,3327141|,|7,91475526|,|27,12066307|,|50,52737885|,|452,78612401|,|122,99294435|
|142,17208795|,|542,87175218|,|39,73067408|,0,|37,15750858|,|78,85552433|,|629,91895577|,|181,55327293|
|266,99861078|,|553,07162234|,|18,05223507|,|5,65449641|,|10,45924807|,|75,69189689|,|343,88530078|,|115,19686803|
|559,46772996|,|3349,47831133|,|249,79466117|,|79,08065151|,|292,78450261|,|227,77255671|,|1629,40622438|,|1061,08675917|
|138,42475229|,|523,82330238|,|11,50888192|,|5,05079772|,|41,98441656|,|70,86289164|,|453,01574175|,|146,71576638|
|1058,45369303|,|3139,44883389|,|88,02810038|,|30,49350216|,|396,75391236|,|543,33113512|,|3737,90887538|,|579,30257348|
|129,66636329|,|505,93867759|,|8,69563399|,|3,35053249|,|33,50973831|,|49,65114562|,|509,16482575|,|191,35997883|
|965,11420943|,|3672,31221152|,|202,86935885|,|127,02744721|,|681,82431872|,|564,80443025|,|3295,24185817|,|1308,59308101|
|132,90742986|,|901,02817317|,|9,22066893|,0,|12,78578258|,|34,63596458|,|437,01002606|,|86,33542499|
|153,16315491|,|614,91753239|,|72,42484051|,0,0,|78,39169513|,|372,83258943|,|116,67329009|
|8083,3118653|,|27874,01086927|,|2642,60418286|,|2211,73587332|,|7075,86598575|,|9284,36533331|,|39188,29903785|,|21282,22823539|
|1922,12246312|,|6652,78417631|,|112,20205526|,|48,32061078|,|361,11697713|,|457,47484066|,|5048,64301228|,|840,14756476|
|172,17553898|,|969,63965762|,|26,12157357|,0,|22,01728338|,|140,46467803|,|683,11384787|,|281,0481268|
|2688,34867038|,|8284,58461298|,|486,88408026|,|391,71095023|,|2062,04601558|,|1846,42767652|,|11321,76439955|,|5648,65839291|
|192,61763374|,|795,1563769|,|23,117046|,|3,59729949|,|12,01224788|,|119,64378875|,|642,34669403|,|275,14482451|
|2220,3670735|,|8192,62776944|,|691,88731667|,|439,14526524|,|1429,26922681|,|1818,74537871|,|8675,286243|,|4422,75085361|
|1163,99155387|,|4989,52686824|,|298,50709804|,|43,73150699|,|150,96473146|,|338,48791511|,|2182,11671026|,|1115,65883275|
|370,59455655|,|1139,65927111|,|8,47025306|,0,|23,23357946|,|83,22632062|,|572,12779947|,|223,3462936|
|293,61573937|,|621,49936227|,|20,72162038|,|1,95589625|,|32,04973733|,|54,12148754|,|494,92579839|,|163,38688218|
|1462,55416054|,|6776,93706142|,|273,25129746|,|217,90010622|,|819,39054358|,|727,04579107|,|6216,70037442|,|2780,6812583|
|146,89659081|,|645,60711645|,|34,23568382|,|4,59686639|,|69,32049077|,|139,2304734|,|479,36384423|,|225,83230655|
|1138,04135699|,|5465,66248119|,|160,85402846|,|35,02292649|,|253,64157143|,|294,8717323|,|3041,45131929|,|906,02253417|
|834,89632212|,|3621,74591082|,|69,4463506|,|49,56145688|,|118,27454417|,|411,01950603|,|1759,55264941|,|689,11493176|
|6706,45048841|,|25326,12306633|,|2278,85861985|,|2160,94975277|,|7147,66700573|,|6148,1873081|,|31572,89426374|,|19064,99952046|
|1130,34448503|,|5380,32067268|,|139,83383314|,|170,5452305|,|434,12773039|,|857,78629166|,|4046,03133602|,|1717,43647675|
|282,88633672|,|746,27753068|,|15,81250935|,|13,52124529|,|13,16375469|,|98,56311444|,|683,03838792|,|264,08768619|
|400,5805548|,|1028,1404021|,|2,6583708|,|2,05064123|,|40,28137626|,|44,11237165|,|720,33156773|,|156,81182357|
|88,33990382|,|489,66904619|,|6,13675965|,|2,03394616|,0,|30,90075181|,|335,41718521|,|59,13566195|
|8563,63472679|,|27040,2842318|,|3682,86257379|,|1875,02959649|,|7167,79486939|,|7504,01862129|,|41996,34467841|,|23871,98787679|
|5532,14131387|,|18003,71017167|,|1605,13692693|,|908,03818339|,|2957,24191372|,|3438,59900693|,|20443,97927952|,|10320,93000234|
|87,75447726|,|293,91419377|,|13,83257676|,0,|6,51007592|,|40,77979552|,|253,53817556|,|61,96675286|
|217,93538547|,|1377,28951638|,|34,61741579|,0,|29,97820756|,|209,97506905|,|942,71495181|,|374,11745983|
|149,01539472|,|817,43929376|,|5,20657984|,|4,20279622|,|5,5729447|,|30,02139223|,|445,82581274|,|112,43448501|
|411,81764206|,|2224,82000419|,|27,4952193|,|11,39291863|,|68,08721887|,|136,26509041|,|1022,44536641|,|240,76150266|
|332,54348166|,|1502,09456322|,|32,48831752|,|11,72969692|,|86,12752131|,|204,11276983|,|923,40931436|,|362,83348338|
|1867,37346273|,|7653,55592092|,|80,51506128|,|252,25937506|,|1059,06766389|,|1276,7679928|,|6319,4293749|,|2087,11004599|
|3136,32157568|,|15926,71461886|,|509,13942479|,|724,48286265|,|1858,65794133|,|2152,60307438|,|12808,05997327|,|4912,40327239|
|75,26712351|,|297,77767439|,|17,29817711|,0,|8,35772176|,|67,9374912|,|186,26504954|,|71,28317503|
|3792,3966041|,|13272,66360901|,|1752,83420677|,|770,65023151|,|2276,29094802|,|3201,56632123|,|19152,32712765|,|10802,72443137|
|5620,16237885|,|23250,50588236|,|1145,38145443|,|1253,24469529|,|4371,63485548|,|3649,95100813|,|17212,405397|,|11126,05433257|
|535,66850845|,|1824,57630736|,|71,37406864|,|71,90294961|,|314,7990486|,|403,61938072|,|2213,92256953|,|1019,81669061|
|190,80186342|,|1077,59890348|,|10,90115309|,|3,87753572|,|12,65511653|,|84,24183615|,|533,52672114|,|145,69612125|
|452,36488328|,|2055,99052963|,|9,76331069|,|69,23851306|,|198,68972504|,|145,57173075|,|1249,72545884|,|374,69428636|
|4090,69140967|,|12203,57339193|,|454,30196126|,|674,62233588|,|1936,19137911|,|1775,953436|,|12350,85797342|,|7234,09293596|
|575,45930154|,|2932,04055217|,|167,06749415|,|125,86343498|,|283,65468715|,|369,57789024|,|2650,56906313|,|921,64059292|
|38,84236399|,|271,30737941|,|8,0456179|,0,|3,56218167|,|29,4914791|,|422,2171246|,|34,38239623|
|342,83506989|,|1750,4000874|,|109,91095116|,|13,50117167|,|86,96480017|,|128,73296261|,|1195,07938805|,|490,69458408|
|404,40736902|,|1906,65533168|,|56,13017674|,|29,06152969|,|49,15233285|,|202,22541242|,|1358,06943184|,|569,3074233|
|133,46584196|,|599,12086601|,|12,14576341|,|4,81462467|,|6,71751359|,|70,204746|,|258,34236697|,|105,61658603|
|251,0583566|,|1352,63081427|,|21,03839592|,0,|32,93840879|,|76,55998166|,|650,40873221|,|219,02754574|
|1681,37878321|,|4507,96977036|,|166,74094478|,|133,44611271|,|867,78270501|,|625,14870057|,|3973,33823965|,|1917,57303932|
|1135,82797445|,|5451,23593817|,|434,11941476|,|289,21015649|,|1068,96401815|,|864,97750487|,|6265,8094442|,|2893,93124568|
|181,59633152|,|1195,63569411|,|21,20910688|,0,0,|19,46942327|,|436,37022178|,|98,29431219|
|212,15618818|,|1944,3929686|,|16,03185003|,0,|10,02407827|,|83,41992105|,|390,11191757|,|228,1684394|
|5133,40251619|,|16325,48695145|,|885,07009922|,|1164,93974306|,|2809,60019793|,|4506,65040806|,|20765,99586462|,|9411,08928545|
|983,78996974|,|5872,02265886|,|121,87413916|,|113,58519214|,|234,21703534|,|604,19852034|,|2766,60612207|,|979,78383064|
|13770,05072385|,|52116,27034902|,|2264,88765122|,|1618,44819924|,|3766,47287231|,|7403,68622473|,|40689,53973422|,|16760,36657972|
|998,52165255|,|3275,87511936|,|195,12065496|,|66,62339069|,|157,20095984|,|651,64762564|,|2780,36717755|,|1123,87087334|
|1531,413536|,|8949,8236251|,|511,99151021|,|449,65004758|,|1744,06809291|,|1583,83024383|,|8088,05195367|,|4740,18729591|
|13369,07700051|,|49278,16067795|,|4605,35334525|,|4532,1045443|,|11910,47543949|,|12998,07225914|,|65697,28687068|,|38701,44401347|
|3105,68514618|,|11492,20070813|,|580,63345927|,|484,82558152|,|2508,0772729|,|2819,27906169|,|11960,94243043|,|6286,17019137|
|142,00654187|,|434,34088932|,|4,5342791|,|6,90408155|,|31,1661163|,|38,94247172|,|484,21046718|,|97,37607628|
|508,11459065|,|1747,50092195|,|78,50401456|,|44,09343884|,|167,23475883|,|197,87416214|,|1360,52597595|,|664,22131011|
|2900,3011833|,|9364,93883925|,|157,37228255|,|264,2241764|,|832,30450047|,|681,25058068|,|6575,92734842|,|2202,04554447|
|263,66709195|,|1011,24092767|,|22,28602148|,|4,34834981|,|80,92217557|,|258,82257226|,|1183,48554662|,|560,73875884|
|4964,90460275|,|15387,78203362|,|581,33332466|,|600,08527706|,|2429,56106606|,|2832,2436093|,|18280,88356991|,|8058,37276379|
|1294,89188316|,|5522,67658387|,|76,51312273|,|111,25601594|,|368,37041398|,|295,86557338|,|3770,05930841|,|795,98240868|
|678,76747502|,|2447,96325077|,|23,62453192|,|57,72737725|,|113,52686596|,|151,43358517|,|1165,52066894|,|394,6024633|
|543,10566591|,|1871,54393344|,|71,02094171|,|15,04834794|,|103,32493341|,|224,52078927|,|1407,88169735|,|679,39549724|
|504,0638004|,|1729,95075278|,|29,8934296|,|4,85452811|,|33,48139976|,|154,37704671|,|876,96966595|,|496,04748367|
|2117,93226466|,|7938,30500481|,|235,09584759|,|364,36256476|,|1157,40755232|,|1494,68676311|,|7083,16335263|,|3478,79150344|
|1132,97121845|,|3325,00505849|,|34,89955768|,|110,56831539|,|301,61868982|,|310,74316317|,|2634,23983281|,|765,03320199|
|204,2847794|,|917,88576176|,|8,57381687|,|2,70792004|,|7,1561177|,|30,02835431|,|233,89036219|,|79,99525536|
|19,06857956|,|154,89377479|,|15,28979218|,0,0,|6,5802322|,|143,39211516|,|24,47039179|
|304,10173959|,|794,69908152|,|14,40534631|,0,|30,76866925|,|86,22046363|,|572,34912282|,|152,47947272|
|505,5255274|,|2040,77252299|,|70,02475862|,|32,63884899|,|232,39772481|,|251,75241863|,|1689,00891538|,|618,25057887|
|110,22007614|,|477,38087217|,|8,01671426|,|5,25786999|,|5,29653435|,|30,89317161|,|270,50089395|,|51,06128127|
|5426,8323685|,|18491,50538126|,|2913,81956186|,|1514,59886912|,|4602,3889412|,|3478,53341492|,|23022,21399061|,|14981,0477526|
|5129,88427229|,|22401,18895799|,|1374,74978576|,|1151,84509234|,|5599,29028022|,|4001,3551686|,|24973,6745402|,|13732,8032626|
|159,826266|,|806,30988923|,|8,85827316|,0,|20,63325642|,|108,92938065|,|516,16076914|,|267,43189397|
|122,30140236|,|447,74157914|,|3,37623489|,0,|10,98654417|,|38,55345244|,|269,4966395|,|88,24499256|
|902,30404993|,|3472,07754715|,|64,84566587|,|191,46288254|,|493,01567637|,|375,42980456|,|2626,55164354|,|1348,74514335|
|1203,93912243|,|3190,28845371|,|101,19807823|,|171,72910674|,|442,7249167|,|274,43007417|,|2898,2769388|,|1102,06759908|
|995,75577107|,|3968,98267959|,|121,69046279|,|10,76669743|,|24,18601371|,|190,05174118|,|1615,57357316|,|605,40887558|
|582,51562294|,|2074,57639434|,|84,0111331|,|73,67431674|,|233,82358625|,|447,40973312|,|2396,70751793|,|991,11116713|
|169,55684561|,|714,59978393|,|40,78722389|,0,|14,95835895|,|128,69290419|,|416,41266415|,|290,25416234|
|211,20003623|,|867,23501478|,|26,63266319|,0,|33,50187699|,|51,92198027|,|472,73953797|,|127,61831135|
|1974,04279752|,|9269,01341439|,|199,53577749|,|229,1703928|,|400,28306773|,|989,61658872|,|5197,80702025|,|1288,52217782|
|3089,30867892|,|12770,21273299|,|553,35168394|,|1112,97787007|,|3454,48710536|,|2477,03221875|,|17311,83571699|,|6454,16135261|
|1285,15419579|,|4670,55008101|,|231,21284752|,|407,10966472|,|902,09219652|,|834,81834298|,|6080,46772333|,|2408,44270752|
|741,81693829|,|3378,62178247|,|71,24987437|,|33,87062409|,|272,80524162|,|320,42795008|,|1835,165859|,|965,97017006|
|656,31192118|,|2343,27361843|,|77,2718324|,|84,60548387|,|232,32474633|,|380,14591828|,|2207,61640009|,|950,93522538|
|144,34362345|,|754,43927713|,|26,90692402|,|2,18547656|,|9,93184948|,|161,2292732|,|695,43017064|,|65,87355877|
|3667,59599067|,|15424,86972979|,|478,1596018|,|939,40288359|,|2185,41942185|,|3359,42042669|,|16761,4413483|,|5552,50897043|
|121,89694606|,|1012,48819646|,|15,19684416|,|9,38409922|,|42,38076821|,|79,46228489|,|542,04059377|,|152,63439285|
|3766,5778573|,|13577,68771548|,|488,83672094|,|437,1082432|,|1169,80549751|,|1640,31744681|,|10010,17229322|,|2335,63056141|
|1222,82970552|,|6236,65278352|,|35,96921782|,|130,87800302|,|417,72717982|,|594,31198975|,|2919,79914004|,|951,1830001|
|304,78114513|,|1681,10430694|,|28,98777332|,0,|83,38867471|,|240,05298645|,|1120,77175678|,|525,93831634|
|1023,69516095|,|4414,96778252|,|139,01137618|,|132,8654528|,|404,77869206|,|377,13214415|,|2480,54621544|,|1305,46589733|
|188,75678918|,|1186,29033558|,|11,66072027|,|2,40461994|,|5,80293501|,|45,59754531|,|623,3685342|,|184,47872803|
|42751,74997955|,|160789,62194919|,|19632,24890418|,|16274,9132038|,|36052,86357724|,|43514,89732665|,|189915,7388932|,|147623,5018077|
|3230,97467148|,|13679,80066406|,|422,64288473|,|727,82702634|,|1716,38082755|,|2402,01496186|,|14503,12656502|,|3552,10661053|
|2806,88416089|,|9126,81250932|,|191,20856388|,|167,93135753|,|796,96426181|,|988,74669556|,|5446,65309778|,|2394,9322123|
|252,61712144|,|884,97799493|,|20,88029952|,0,|5,35535892|,|104,06800228|,|525,31148301|,|211,15053914|
|517,25802531|,|2595,96986724|,|15,01522412|,|25,22093255|,|91,96902213|,|156,61888528|,|1655,40987152|,|400,57885978|
|206,66054612|,|931,77351361|,|24,80307544|,|4,7141718|,|34,94608646|,|47,45627164|,|634,08256966|,|99,99263841|
|1414,7360234|,|4967,21708056|,|167,25994044|,|135,28412196|,|392,83408101|,|568,26452362|,|4467,18665022|,|1359,46530736|
|87,56971529|,|438,6585129|,|20,87860717|,0,|6,3903899|,|49,81456724|,|441,16555447|,|105,75442989|
|170,57304988|,|1075,52508873|,|35,21624098|,|5,65960493|,|19,90428502|,|69,85174132|,|447,60943739|,|85,01218446|
|1715,05684516|,|9728,96414193|,|263,15999328|,|235,62006375|,|660,25450101|,|690,11839728|,|5778,2804642|,|2016,488135|
|731,0621117|,|3323,5233594|,|88,12567742|,|46,81211052|,|125,30036599|,|327,79778493|,|1788,24452239|,|484,1378146|
|2262,36930511|,|8334,77335844|,|387,9059914|,|302,60560811|,|923,57448795|,|1109,56778697|,|6854,38053489|,|2958,13899829|
|5634,05776057|,|18017,1398923|,|572,38495899|,|768,77272095|,|1677,0316049|,|2237,8241415|,|17603,05105708|,|6775,61056808|
|16297,49378202|,|78832,45381857|,|3278,39843628|,|5691,34748582|,|5773,23876678|,|10344,28959984|,|62659,17247095|,|15419,01763086|
|412,50329521|,|2459,19372467|,|125,23425425|,|76,49462881|,|203,309859|,|285,60123289|,|1247,60155487|,|635,68318694|
|1501,2764187|,|3833,3246325|,|169,13837018|,|278,79739302|,|657,61253263|,|513,77116158|,|4503,32984782|,|2076,41322071|
|138,22010603|,|474,89469243|,|53,91393687|,|9,32759516|,|15,53602876|,|38,76798095|,|310,92397347|,|120,67987435|
|612,59344373|,|3237,55112989|,|121,31007727|,|30,50769255|,|120,16928553|,|389,42128347|,|2396,8035707|,|1064,71513836|
|4144,86309037|,|14432,96204789|,|1052,42685896|,|1162,6060166|,|4149,25643237|,|2881,22109606|,|18648,90756249|,|11034,82351971|
|213,01033471|,|1167,05466323|,|2,76012355|,|38,74197331|,|34,2262205|,|90,27185992|,|954,1295003|,|178,4161399|
|386,26791303|,|1102,12860708|,|45,55431158|,|38,14899842|,|107,4612722|,|161,85037663|,|1268,66443143|,|590,18033508|
|659,38519509|,|3082,19997914|,|73,15640166|,|93,19537772|,|278,92258057|,|392,58998719|,|2484,43537107|,|987,36708493|
|1790,80883681|,|6502,38953822|,|225,26465195|,|364,02321631|,|835,22083505|,|1324,28996132|,|6792,30580889|,|2438,94594599|
|561,98985518|,|2974,66302586|,|76,28512656|,|38,31665576|,|84,7632932|,|148,3030364|,|1972,33658757|,|661,54940118|
|612,55973436|,|2694,95968412|,|41,85332924|,|47,42909629|,|59,38797661|,|347,03233148|,|1986,66269224|,|595,34716322|
|481,99952657|,|2181,31058434|,|66,20068662|,|41,62957607|,|245,90996522|,|258,6806167|,|1485,50332324|,|586,96851631|
|373,83030922|,|1156,17391478|,|28,27997279|,0,|21,66139743|,|152,51930056|,|870,1661952|,|310,03529608|
|795,79349483|,|2767,94747311|,|99,63844626|,|60,3146055|,|316,86947847|,|472,90316387|,|2519,01974189|,|1083,53394879|
|331,46441032|,|1207,27852541|,|11,96816423|,0,|27,62938041|,|157,47635198|,|760,32391528|,|153,63723849|
|1276,01768037|,|5290,14206764|,|131,96445567|,|65,46776974|,|159,2888472|,|477,31894384|,|2608,66729125|,|842,51299254|
|1007,31672413|,|2254,88660693|,|75,9066501|,|94,18752778|,|482,5545715|,|234,66753243|,|1975,04706708|,|1017,19096623|
|1408,35624082|,|3404,36996415|,|583,70306295|,|47,7779889|,|359,95959427|,|347,16765691|,|2955,7920767|,|1311,62088497|
|333,06598307|,|761,24084973|,|17,93841869|,0,|12,38037912|,|126,90461861|,|551,11499839|,|270,98410488|
|196,22106465|,|1070,23688938|,|30,68874741|,0,|42,95871619|,|55,34311312|,|444,05514757|,|114,82782126|
|188,23907161|,|706,75994156|,|22,72309887|,|2,83827434|,|35,40636424|,|60,19543582|,|502,80763947|,|144,86587874|
|2618,02345708|,|11591,00563876|,|260,8502303|,|276,10131339|,|863,23129828|,|1139,48245688|,|9303,15288405|,|2526,14439688|
|202,18452593|,|1063,43338605|,|16,42391749|,0,|17,20812783|,|178,35090997|,|925,67992111|,|356,4298572|
|8746,48481253|,|41392,22871272|,|1532,09527026|,|2892,13347931|,|6520,41860495|,|5414,69341392|,|31791,76410826|,|18336,46824162|
|1424,82219042|,|6966,32066868|,|310,94158525|,|303,11962145|,|559,31167032|,|703,0111433|,|4971,81854359|,|1470,53829124|
|311,40095148|,|1408,32358956|,|28,97047904|,|7,96114964|,|67,63126876|,|142,53141868|,|1017,81193574|,|376,71690044|
|91,06286754|,|383,89204039|,|21,7593687|,0,|1,66788272|,|40,31966257|,|487,10903463|,|89,75635674|
|2519,71204559|,|12622,07399454|,|589,24626777|,|1024,21151373|,|2881,99790658|,|2318,26914034|,|16306,01319091|,|5981,94753236|
|5569,49547236|,|23640,18138798|,|658,63855872|,|759,5051636|,|1657,24668526|,|2454,79746516|,|22187,87193498|,|4620,48481002|
|809,09333131|,|4213,11046283|,|75,2235432|,|87,19002076|,|231,2643712|,|288,86093819|,|1551,48175553|,|992,38776361|
|1045,78626065|,|4894,05670518|,|315,77419073|,|187,12749573|,|726,91543612|,|889,96165357|,|4296,05347282|,|2381,49983528|
|19081,91042733|,|78036,74126824|,|2834,38683711|,|3215,55739012|,|6432,94778447|,|10178,95914153|,|71135,91885862|,|16054,27921416|
|76,67468182|,|256,51683951|,|3,00551552|,0,|16,22834653|,|105,18510435|,|217,42549061|,|83,27885512|
|441,2518556|,|1592,84779647|,|19,50714041|,|5,62126591|,|46,64486053|,|247,04570802|,|1088,62362585|,|609,6192872|
|390,7173202|,|1675,23105396|,|67,03693708|,0,|42,24657741|,|145,31220298|,|834,08477307|,|290,28237605|
|777,47864887|,|3923,99276732|,|313,74251935|,|154,58594366|,|766,59442508|,|509,37151035|,|3068,9097461|,|1204,91763035|
|99,70788289|,|329,51817161|,|7,30286909|,0,|7,80378116|,|78,88144352|,|252,45775629|,|123,32125148|
|240,26369219|,|1503,8763646|,|54,07208137|,|17,64525376|,|87,28441916|,|263,61285021|,|1314,54864891|,|382,94699985|
|1779,38362937|,|5224,36867699|,|424,93131886|,|305,36780333|,|1057,93274557|,|1270,42036082|,|6699,52398291|,|4541,48248665|
|407,41837224|,|1856,7564228|,|99,42657179|,|11,11231621|,|225,85657721|,|319,6242303|,|1809,05568024|,|786,21693845|
|415,12282917|,|1384,041947|,|57,9428262|,|9,31495528|,|147,0486605|,|146,55680614|,|1082,42993109|,|342,39842493|
|270,8443803|,|1123,21785512|,|25,2935133|,0,|49,69495371|,|229,62582931|,|824,90037895|,|367,24897072|
|814,04199534|,|3714,01771246|,|25,63102209|,0,|59,32791672|,|200,64249626|,|1406,73772433|,|550,9825124|
|829,1788767|,|2954,88928207|,|73,82775007|,|30,3099181|,|115,01649047|,|203,96607206|,|1165,32748819|,|442,47032019|
|127,25030305|,|488,28536463|,|14,42417069|,0,|26,11280057|,|18,92956865|,|435,81093774|,|61,4634693|
|113,97745522|,|336,18600622|,|6,52059013|,0,|6,62680031|,|40,96701927|,|346,81854331|,|49,04918993|
|11984,68063615|,|55626,09714301|,|1519,33788012|,|2457,27646195|,|3863,77850735|,|5118,44006934|,|35633,16233921|,|7492,68702921|
|3618,27775297|,|12130,90657604|,|457,09138401|,|491,81823232|,|1264,80800243|,|1432,2812566|,|10331,15908882|,|2686,40841066|
|140,89283213|,|523,01016604|,|5,92234073|,|2,64482905|,|30,40495378|,|83,25687885|,|481,21380036|,|105,8250169|
|631,29248017|,|2583,85208622|,|49,70525598|,|169,82131425|,|589,13442807|,|1111,16897563|,|1932,13155617|,|917,48456378|
|1916,8166891|,|6008,87654439|,|202,86122103|,|333,79835041|,|890,43041638|,|1234,64712302|,|5608,3666169|,|3780,77432342|
|247,76978241|,|919,42470047|,|43,35987196|,0,|4,87388113|,|111,7581785|,|390,25810907|,|79,0813358|
|600,69090105|,|1654,62427855|,|13,88375427|,|29,52224707|,|40,55524505|,|201,44412264|,|1681,79169653|,|462,76508481|
|139,70943454|,|524,93043102|,|7,6676648|,0,|2,55049708|,|49,36254921|,|431,17761291|,|69,40907832|
|370,74347905|,|1047,11765898|,|27,63847263|,|31,56521309|,|134,80856963|,|222,31060178|,|1166,65174935|,|555,68724815|
|464,63850936|,|2015,78477098|,|31,31924433|,0,|37,39909749|,|171,03578429|,|1155,36350795|,|382,30337156|
|798,80589638|,|2531,94272899|,|141,3167783|,|46,10201557|,|168,27934681|,|403,94726188|,|1992,15485092|,|790,93438456|
|221,79116985|,|793,53287477|,|23,30812317|,|3,80903507|,|22,23466119|,|115,78417507|,|850,60494649|,|282,63793359|
|2681,40334203|,|9066,313394|,|592,05176615|,|339,80957714|,|1366,59378809|,|2679,8881266|,|9958,68590202|,|7055,23046395|
|93,02461593|,|284,36823345|,|10,4865399|,0,|4,61503544|,|17,96900879|,|134,63185294|,|36,94846839|
|7838,25275429|,|37596,00633236|,|789,5108852|,|1574,68256766|,|2667,51909692|,|3577,25267393|,|27215,92485186|,|4816,37160671|
|48,85406202|,|345,13808856|,|6,07439348|,|4,81408602|,0,|51,32723974|,|255,05711793|,|106,34330823|
|108,01422314|,|363,57756478|,|12,45622732|,0,|21,95241906|,|122,8722257|,|457,57601291|,|225,38812226|
|577,07192994|,|1876,17694369|,|23,80885757|,0,|73,99119488|,|246,27364185|,|1245,12642911|,|443,69523414|
|261,52626797|,|399,40151611|,|15,3155436|,0,|3,79237464|,|86,32363948|,|174,74543049|,|144,78660465|
|10011,14603477|,|52469,03129397|,|2275,83447643|,|3127,03631477|,|7621,72336867|,|8937,84614693|,|52726,89429772|,|25254,38672883|
|7844,80034445|,|35986,30181941|,|536,36415539|,|784,2305092|,|1146,73510106|,|2085,16670589|,|18537,45124072|,|2276,70206568|
|6380,80294034|,|25288,43830574|,|648,06778621|,|636,26510517|,|1531,78367795|,|2574,02383239|,|19883,78912909|,|4367,28584885|
|143,66107501|,|325,02701178|,0,0,|32,18992731|,|88,05464992|,|505,75272588|,|174,02932454|
|221,3806923|,|1162,83560898|,|75,33649519|,|5,60159909|,|51,37328288|,|101,9001723|,|815,51957223|,|292,07562384|
|1707,48893498|,|6789,79519148|,|713,36927818|,|242,49713089|,|1128,40707545|,|989,18398595|,|6239,387994|,|3434,53570221|
|167,64686981|,|575,60745337|,|33,1341396|,0,|3,06797261|,|83,37780622|,|414,33236139|,|221,67966353|
|260,49254072|,|1387,80462507|,|53,87102434|,|3,54568136|,|17,58121756|,|40,46245904|,|478,52303362|,|102,31016495|
|392,31134629|,|1528,83359047|,|95,27884295|,|34,60816672|,|109,90379016|,|369,34425257|,|1350,63090915|,|887,05655515|
|412,29280248|,|1645,98254574|,|27,63990253|,|52,1204055|,|92,60739398|,|178,27010906|,|1392,51463394|,|436,16429626|
|205,8233384|,|831,28741066|,0,0,|41,79600177|,|84,00188471|,|530,18649889|,|157,53063346|
|412,84858028|,|1884,29539063|,|30,8642123|,|24,09917559|,|108,30813857|,|191,96940239|,|1677,57502535|,|417,89482053|
|217,17379823|,|1008,15218863|,|16,23732393|,0,|13,97794449|,|78,50076282|,|695,00033653|,|191,56118909|
|1839,30227076|,|5427,30200284|,|251,68732848|,|274,03284537|,|818,80211257|,|1221,70677218|,|4879,67943545|,|2180,344638|
|778,991426|,|2719,01992561|,|50,29599993|,|39,95853059|,|193,86153036|,|373,08367327|,|1989,28563627|,|884,66606176|
|953,1694889|,|3851,10998765|,|18,81970166|,|16,88993117|,|35,06221472|,|173,6133801|,|1410,80110977|,|355,28132964|
|821,67017678|,|4115,62210619|,|82,37410083|,|138,56860721|,|312,0183324|,|317,36750996|,|2176,36756188|,|1014,17788894|
|273,14545703|,|1269,86117279|,|65,38692394|,|20,4064671|,|116,45687765|,|124,81760489|,|1212,28243831|,|453,03243583|
|547,53803288|,|1878,46291363|,|33,27127139|,|8,97904988|,|59,04492951|,|282,63740431|,|1290,84413306|,|618,71312305|
|109,55836533|,|312,54032813|,|8,69170943|,|1,50040006|,|7,36332887|,|55,54830942|,|293,17718927|,|93,72625888|
|200,92102272|,|1327,07998969|,|28,25306985|,|9,45266615|,|50,94122464|,|70,07170551|,|746,21508344|,|188,72391121|
|1535,76342978|,|4258,22065071|,|286,92035032|,|263,89068402|,|1046,05325297|,|627,9661779|,|4345,09726872|,|2079,23163675|
|1079,20209797|,|6033,7086416|,|134,58400706|,|116,04046617|,|347,74071484|,|484,01946461|,|3776,85257851|,|1570,53363958|
|3274,62695469|,|17907,96161687|,|1779,41563939|,|1372,54869031|,|3594,93940695|,|2712,71247056|,|22601,00140762|,|11322,37180413|
|383,35274818|,|2102,0483749|,|25,64369439|,0,|51,28478714|,|107,60452182|,|1136,36996402|,|422,32063107|
|1524,04379264|,|6647,00301553|,|205,64635744|,|84,90616678|,|539,21536988|,|845,01000541|,|4805,30991848|,|1390,28255126|
|10950,97716992|,|56230,48386056|,|1031,41296607|,|3570,40787468|,|6413,38051948|,|5788,01741717|,|47899,58552326|,|14643,29310766|
|60612,72257411|,|241297,2706987|,|12384,27550108|,|17383,60875424|,|38907,13610452|,|36869,40229137|,|211032,73992009|,|79324,821344|
|591,70958104|,|1273,67081167|,|59,27248238|,|2,1219403|,|20,13896128|,|97,01995602|,|786,78787714|,|226,98275284|
|127,82509126|,|716,77479974|,|17,60801134|,|3,15425042|,|38,64369838|,|57,69323305|,|502,22264958|,|156,98707629|
|367,00499247|,|1574,17548875|,|56,53406458|,|36,95913798|,|42,1485548|,|162,75736046|,|989,71428489|,|366,70735267|
|534,32377122|,|1646,20721638|,|116,09093829|,|93,73346349|,|542,39918791|,|292,4826797|,|1597,49139775|,|1165,66436769|
|9012,53724407|,|38724,03211134|,|895,57418969|,|1617,52121394|,|3202,40957427|,|4736,4925877|,|32013,48684417|,|6494,19013905|
|449,72649772|,|1523,52217145|,|17,27596323|,|125,77412609|,|167,78941958|,|199,95529173|,|1300,47537484|,|559,80646305|
|213,33836711|,|1060,52319365|,|36,22957162|,|3,65530799|,|31,1264275|,|140,02476419|,|617,09734645|,|265,36152396|
|237,02306233|,|1259,58530227|,|6,40766216|,|3,29286871|,|34,96586524|,|98,64976912|,|499,72295058|,|157,92264807|
|1705,69953355|,|5409,45941578|,|128,59638839|,|107,78552944|,|279,31462409|,|611,16978149|,|3414,57143134|,|710,39440628|
|469,61573199|,|1431,84996393|,|38,9419168|,|46,69301396|,|121,22157579|,|195,90525817|,|1475,86069445|,|538,26205813|
|397,55303613|,|1230,4798527|,|63,27475025|,|2,1770751|,|41,0809866|,|107,26970124|,|774,31543303|,|315,79783244|
|2046,62285671|,|7958,12244538|,|485,50301964|,|437,39874165|,|733,3861698|,|747,3599929|,|6832,0976585|,|3019,41899931|
|2706,199982|,|13424,89375753|,|264,86973578|,|358,06804754|,|1142,3096341|,|1106,04882695|,|7367,12720464|,|2656,7031912|
|276,69916591|,|1348,69929535|,|30,40690721|,|30,86642802|,|103,86216502|,|162,81503909|,|1061,00286522|,|400,91540636|
|324,68014817|,|1266,9852391|,|58,25082169|,|9,54166568|,|6,57705718|,|194,38891171|,|1160,93907663|,|396,29529565|
|761,82537695|,|3880,15733247|,|140,58208219|,|189,54329566|,|488,55339719|,|372,28322992|,|2873,55771836|,|762,53935267|
|1187,49801928|,|4730,7532179|,|187,1405498|,|143,36553985|,|642,70304555|,|571,65375239|,|3554,88007378|,|1845,03009355|
|482,54526274|,|1850,84303615|,|29,70911761|,|17,22751403|,|50,30005565|,|126,38657013|,|801,27833217|,|264,08155539|
|1370,42702815|,|5979,16168811|,|77,14451699|,|143,33886364|,|386,44868156|,|306,89918176|,|3574,94220372|,|1576,61992141|
|502,06392683|,|1693,89440866|,|8,75126853|,|40,52686562|,|86,70028306|,|154,47892183|,|1382,47062289|,|384,46193263|
|949,91478258|,|3727,95630746|,|774,23428914|,|103,97897693|,|1056,0546469|,|657,21226332|,|4702,25477875|,|3088,19259045|
|1675,3093643|,|5389,06534068|,|182,57097309|,|153,04415465|,|385,58716333|,|365,45919071|,|4451,69873487|,|1747,03726249|
|8403,91589274|,|32552,75695447|,|2412,70902491|,|2200,53630638|,|6971,63088009|,|7709,2114735|,|37537,7313884|,|18695,8442044|
|137,61155448|,|834,81975402|,|30,58384985|,|3,03904581|,|41,9107544|,|130,47875089|,|752,33528798|,|201,33808575|
|198,38923862|,|506,22944177|,|16,16424864|,0,|25,82152938|,|138,90370808|,|603,84849229|,|237,47294496|
|133,31947365|,|620,09218467|,|8,76912483|,0,|21,8080096|,|68,30099062|,|644,89005024|,|156,78261828|
|480,00886232|,|2317,67101495|,|118,51715478|,|143,18403335|,|334,9901413|,|345,8445006|,|1758,08745222|,|563,68808208|
|1123,42525053|,|5719,71270003|,|111,01113731|,|58,54994908|,|209,97132459|,|334,16669788|,|4319,73820906|,|749,17661597|
|370,02034616|,|1136,07282087|,|17,25421894|,|20,56258779|,|61,59996209|,|135,7226242|,|713,30686925|,|285,46929851|
|152,88274827|,|738,36498883|,|18,05291403|,0,|27,40341726|,|95,31761893|,|523,10308767|,|100,47292308|
|157,52825943|,|1050,19528853|,|34,40038697|,0,|5,8223595|,|80,7735475|,|561,73172238|,|128,01839145|
|652,77639583|,|2904,73056635|,|172,83697646|,|89,80665172|,|342,20536803|,|262,62781787|,|1607,62178964|,|629,03881294|
|964,1080045|,|3288,89600221|,|85,72326779|,|76,28021612|,|253,05705017|,|658,69854808|,|3550,26180151|,|1051,17355448|
|388,42968871|,|1125,23876503|,|16,25707988|,|2,93122327|,|16,06654414|,|99,64620253|,|829,91989488|,|256,1727528|
|214,23488661|,|1063,85995563|,|23,21719582|,|44,87415129|,|55,32706333|,|108,74030883|,|907,99510879|,|405,41511388|
|863,76433919|,|3348,94227668|,|67,80919313|,|34,34438771|,|106,67615769|,|259,9122846|,|1801,2003985|,|601,62385441|
|1006,64924637|,|4138,24585399|,|30,05852531|,|80,67609451|,|229,4160104|,|274,13469748|,|2781,70680673|,|1101,63291628|
|506,32457729|,|1985,27442449|,|51,83887556|,|48,59498339|,|214,26277164|,|263,38566355|,|1345,58919244|,|938,98895492|
|170,48928669|,|575,8376946|,|6,81200001|,|8,32532166|,|8,30774322|,|86,39888399|,|288,04788794|,|108,15881852|
|4579,15854675|,|16935,64895815|,|399,01396845|,|557,79581376|,|1336,96624554|,|1583,7762647|,|14827,03729468|,|4941,81532779|
|144,86941301|,|768,50609036|,|13,34755275|,0,0,|39,02802599|,|349,82575417|,|73,99646006|
|6366,72543782|,|32989,4949321|,|707,11380803|,|1624,81549249|,|2182,66589342|,|3679,3974157|,|23050,15448192|,|5281,2651048|
|6947,02489865|,|24862,74236123|,|1467,86053036|,|999,34650229|,|3115,76810755|,|2622,83626392|,|22010,76426873|,|11245,02646361|
|4787,16108849|,|17723,3276619|,|498,96358223|,|309,81324364|,|1420,01356588|,|2004,76679287|,|12263,86301065|,|5241,01312735|
|8608,90252079|,|46030,50029156|,|942,68844566|,|1433,02641522|,|2071,82859326|,|3141,24744793|,|29447,63207761|,|5100,60557478|
|2900,64615082|,|10007,55603423|,|513,29331494|,|623,64920476|,|1904,35784133|,|1780,61221293|,|10544,19273629|,|5273,30366078|
|259,6191502|,|934,3928389|,|12,22766209|,0,|4,22391238|,|49,20162758|,|333,78042138|,|81,15755098|
|1530,79220049|,|6051,41408877|,|480,63669778|,|217,71471591|,|909,02280548|,|723,44676428|,|4159,37645665|,|2615,46527937|
|634,63194001|,|2385,73254289|,|21,85661718|,|76,7216973|,|213,29121987|,|147,89339414|,|1428,36411469|,|626,53513793|
|645,74142604|,|2012,49953336|,|40,72697638|,|20,17526449|,|191,15158852|,|157,2440949|,|1412,95111509|,|482,80699133|
|235,75235466|,|782,85320667|,|28,10379237|,|2,9002507|,|9,61604686|,|48,35077298|,|595,80039897|,|136,70768075|
|15513,29607165|,|72785,31897056|,|1215,26061941|,|2130,72223567|,|2712,71234162|,|4031,03255969|,|43665,57390452|,|6319,44153563|
|2386,18048669|,|9316,90197808|,|261,40992462|,|253,13538547|,|520,94024537|,|732,41717092|,|4978,00510534|,|2701,29613783|
|648,34908675|,|3746,46094642|,|20,88325117|,|10,43771607|,|48,41734541|,|136,49529169|,|1432,43133394|,|410,22039417|
|4979,1331913|,|18223,15509974|,|1104,48171053|,|992,30273216|,|2534,28452757|,|3257,65695137|,|16192,66248067|,|8255,25488324|
|771,48757527|,|3557,01804846|,|71,26828925|,|44,67437077|,|252,81439281|,|232,98545181|,|2063,6037305|,|664,74190596|
|627,03145519|,|2362,57162282|,|57,15813109|,|8,64321695|,|93,24389772|,|287,30826959|,|2025,85548618|,|618,87841391|
|228,26337105|,|1295,55861472|,|30,77760223|,|2,34723849|,|17,23759253|,|63,71497078|,|567,93798403|,|203,24027495|
|177,78536947|,|1293,56999594|,|46,54281825|,|34,15605109|,|127,29122494|,|100,70200697|,|993,14542331|,|262,50804504|
|5813,41589282|,|26913,02881536|,|1047,13824265|,|1527,8721679|,|3561,98646527|,|4443,41894454|,|25694,89902685|,|13480,67145915|
|2396,27772493|,|7345,86479368|,|211,90605773|,|416,65340939|,|843,6401118|,|1257,77545575|,|7160,15638043|,|2407,31189383|
|1436,22888017|,|5670,08580251|,|339,56415956|,|322,87912141|,|1362,15598778|,|1279,16787934|,|6052,09015412|,|3317,96563639|
|392,88151109|,|1028,36294659|,|3,08145824|,0,|46,70112504|,|100,6303651|,|681,447399|,|238,92054682|
|2807,67100263|,|10374,84490654|,|1797,41598885|,|549,90154019|,|2121,24054166|,|1382,46708326|,|10568,94439555|,|7616,62568845|
|9406,40805549|,|33813,86650169|,|1030,99771598|,|2240,60983541|,|6083,7090688|,|6681,50845351|,|42814,79765403|,|15975,08004217|
|237,18167684|,|917,05073763|,|28,18830954|,|8,93731683|,|39,6291547|,|133,60511776|,|755,86027556|,|194,49616432|
|667,01852882|,|3666,98728481|,|120,4315714|,|49,07288419|,|180,93878459|,|284,22793624|,|2016,4395149|,|843,9833411|
|2027,25951278|,|7386,20691244|,|296,06906374|,|336,44148568|,|1217,83333341|,|1693,08797849|,|8258,37946651|,|3551,75840014|
|1483,69321745|,|6224,57556087|,|924,50359413|,|408,25969944|,|1275,58923977|,|1412,94355478|,|6513,07213482|,|5494,40351395|
|320,54616966|,|907,98537714|,|8,84345851|,|12,70210328|,|42,49576326|,|140,2251266|,|941,38534511|,|259,83839271|
|4721,97938269|,|22182,11263676|,|682,57964103|,|1234,70568055|,|2202,03349993|,|2715,05097796|,|18687,09200959|,|5315,77279417|
|1301,77834709|,|6665,98098743|,|229,67924587|,|438,55362341|,|1106,77487013|,|551,69454548|,|4574,53179939|,|1858,65700192|
|1305,65226191|,|3958,54304583|,|111,66298208|,|144,60024983|,|419,04279969|,|412,80947849|,|3006,99809017|,|1048,54620484|
|5053,05419853|,|18356,58961285|,|1951,35588376|,|1261,43227085|,|3734,28379965|,|2394,30745448|,|19583,77191927|,|10828,77728668|
|157,16115074|,|631,49962274|,|7,60120119|,0,0,|37,59728884|,|372,91028916|,|123,66388574|
|490,82796742|,|1989,98344909|,|42,94979347|,|41,71367475|,|55,82417488|,|169,08060099|,|1096,93325711|,|584,10313496|
|148,15691877|,|900,41352035|,|7,85056602|,|3,20856394|,|62,51211969|,|90,16887616|,|518,84045785|,|149,01064067|
|1171,88934303|,|4852,86490121|,|187,72103575|,|334,37778231|,|741,9259166|,|952,7093183|,|4456,13310786|,|2011,46200605|
|148,85755397|,|960,57300641|,|20,356668|,|8,75907478|,|37,92937552|,|72,52794267|,|521,26511286|,|200,25892124|
|125,49677519|,|523,6955439|,|14,90856982|,0,|8,64221002|,|57,65037115|,|325,29185237|,|142,39767225|
|14161,9910774|,|48163,58521947|,|4262,11158853|,|5281,23722013|,|13892,99474323|,|19107,37747638|,|66321,15438983|,|49765,6786069|
|872,35731857|,|2553,07049763|,|108,0980372|,|67,79836418|,|233,04406581|,|522,02401105|,|2113,38761253|,|1198,02879488|
|659,69477393|,|4139,2301391|,|35,18260715|,|45,42140233|,|274,48299314|,|266,35423854|,|2440,682708|,|640,26307644|
|1590,06080237|,|6172,33767062|,|46,08807836|,|126,74862747|,|248,44412484|,|523,48440663|,|3808,72236426|,|949,79943833|
|177,22261387|,|928,66543469|,|15,60322941|,0,|15,7269222|,|63,57640543|,|501,74895851|,|189,0495721|
|1047,06749869|,|4337,78991871|,|254,40661895|,|131,35996815|,|291,01681526|,|470,03444071|,|3526,50662474|,|1548,31401078|
|185,65257401|,|814,99220082|,|39,63682179|,|10,04991668|,|48,55797037|,|147,24600801|,|1337,54185572|,|236,68390596|
|305,138679|,|1390,5520788|,|15,10739096|,|36,27866986|,|89,94584574|,|127,9193153|,|1027,43447396|,|240,82953877|
|5224,1466973|,|15143,37006286|,|656,8937286|,|392,61599313|,|1453,70389083|,|2625,60699572|,|11588,94340229|,|4927,02866195|
|2993,36178874|,|10150,04513447|,|401,04314316|,|353,71380481|,|1245,076893|,|1767,71666822|,|9425,51268711|,|3921,49111717|
|12217,92723797|,|46190,69203025|,|3007,30232529|,|2400,00056058|,|6868,90177326|,|9057,18877241|,|46457,50452178|,|20314,84299818|
|354,85385956|,|963,13022404|,|37,6346336|,|11,36822652|,|55,91794951|,|194,10043855|,|935,13049704|,|458,33469748|
|2311,06367141|,|10072,09798442|,|642,98325663|,|577,4117589|,|2235,07908671|,|2592,70256928|,|13169,10779086|,|7969,09345747|
|3065,75789087|,|12920,41854947|,|821,91416826|,|1309,19132504|,|2740,89616521|,|2131,09689923|,|16967,5196259|,|6908,88436741|
|98,97720267|,|334,45684508|,0,0,|5,40129719|,|72,17818404|,|295,48503083|,|96,26843665|
|2319,04349694|,|5521,26361835|,|208,35395344|,|175,55502687|,|865,54457048|,|973,40979181|,|5755,19462861|,|2394,92124514|
|686,23049336|,|3192,26529977|,|110,64204806|,|38,74878464|,|265,2050142|,|573,51081842|,|3063,76658209|,|1319,31721078|
|68,4427234|,|450,37805486|,|9,39138355|,|2,57460002|,|20,49822399|,|36,22200375|,|269,05426619|,|67,72671394|
|474,05891615|,|2462,51803425|,|65,651746|,|73,31245599|,|169,45816892|,|267,70654769|,|1641,96655066|,|539,73410772|
|232,44897074|,|734,6184338|,|30,21774236|,0,|12,99481497|,|83,9676451|,|475,48079703|,|116,41240398|
|297,1437226|,|740,95189547|,|36,07408645|,|12,42552549|,|24,98407196|,|80,92758075|,|581,2787418|,|207,95250804|
|156,88039376|,|528,897769|,|3,4424692|,0,|15,19832785|,|55,79108188|,|367,3474814|,|100,45418559|
|726,39217292|,|3122,41367105|,|120,02135526|,|11,95740069|,|174,20256394|,|418,41552807|,|2139,06324856|,|797,33279961|
|251,36173761|,|988,78281232|,|33,69281293|,|3,18040552|,|87,90129708|,|202,34532694|,|967,89955241|,|396,18456497|
|187,74582658|,|579,36558842|,|11,33773458|,0,|23,25534959|,|144,91688427|,|363,55781947|,|207,03650404|
|93,77068583|,|409,5640218|,|13,64353527|,|4,72646592|,|19,12418321|,|93,16640175|,|416,64226946|,|203,40930659|
|2457,54235662|,|7967,10518793|,|212,44583641|,|216,21779143|,|773,55013579|,|774,36830154|,|7767,75558195|,|1793,36043626|
|2950,6242572|,|16462,6262588|,|602,54649889|,|653,32450882|,|2141,4220671|,|1751,82783941|,|12185,19353951|,|6324,86719682|
|395,57104467|,|1469,71832887|,|41,38539321|,|9,65981625|,|67,18983463|,|139,70657354|,|1399,55053879|,|316,52364482|
|162,07587706|,|841,12314907|,|9,78553132|,0,|12,01591805|,|48,45438533|,|483,56174269|,|146,40252404|
|579,64525873|,|2284,12667358|,|152,75668197|,|46,05304373|,|200,6752109|,|351,87225107|,|2188,70650135|,|565,66397471|
|82,74668878|,|391,04998363|,|5,67034681|,|20,41409973|,|38,90023898|,|41,44738694|,|377,95022981|,|60,111032|
|165,71532674|,|629,02310095|,0,0,|10,22338074|,|95,81761717|,|489,06168519|,|138,12832508|
|10170,24086324|,|30357,30405485|,|3000,04951514|,|1544,69032882|,|7711,72661447|,|6924,78116057|,|42559,7492826|,|23662,81168746|
|84,72296703|,|381,31268573|,|11,40121923|,|2,70936419|,|16,77986405|,|80,55898263|,|278,93075764|,|90,02474397|
|1260,65360808|,|3624,87029519|,|113,27801926|,|89,96429897|,|149,06611064|,|462,67480998|,|3223,54461128|,|1201,33824379|
|3295,79532124|,|12792,19747537|,|862,36627929|,|549,75843666|,|1393,27829303|,|2245,88834113|,|10955,20989434|,|5118,36645662|
|16858,22916497|,|80016,66866477|,|2649,34868428|,|4719,18681863|,|8968,07846514|,|10937,55405512|,|79651,31830381|,|17650,39068503|
|181,53103479|,|1068,44046549|,|23,06887113|,0,|29,21025406|,|115,44541243|,|516,17565638|,|222,90078229|
|173,53017819|,|574,37376348|,|4,01931805|,0,|20,0218292|,|95,28260479|,|409,4065637|,|198,54211778|
|91,95366256|,|328,71399627|,|7,77920542|,0,0,|27,78905801|,|248,9728603|,|59,63283044|
|962,07730716|,|3579,3200689|,|72,89090911|,|139,57885429|,|240,71055364|,|419,53181973|,|2242,38095301|,|1264,47491184|
|470,88017547|,|1974,97233198|,|94,71926981|,|60,33153005|,|186,92422489|,|171,37959227|,|1364,89456237|,|528,56283938|
|106,72875659|,|606,1493856|,|29,58509882|,0,0,|92,17015271|,|340,85066114|,|197,91179001|
|1044,88564035|,|4679,4515068|,|34,5277798|,|8,94920922|,|160,22056336|,|209,48517325|,|2268,27762962|,|677,78716598|
|662,25205252|,|3191,54005164|,|104,7924007|,|125,36537961|,|732,26058159|,|377,47789381|,|4387,30408699|,|1964,03857731|
|565,07383788|,|3148,65955328|,|95,90290488|,|112,98611753|,|272,99893288|,|362,12581751|,|2048,84209831|,|714,2932481|
|1963,46298221|,|8676,89622546|,|468,10920418|,|436,48347992|,|974,97760652|,|1674,98265804|,|8665,35035411|,|4185,481932|
|239,95274618|,|639,33746621|,|2,58986893|,0,|11,81079798|,|67,46604046|,|656,90363996|,|152,07495722|
|3075,79506874|,|11398,70042974|,|782,46392317|,|464,09216146|,|1628,68614591|,|1354,56387235|,|10495,38569607|,|4910,27124181|
|15663,6037624|,|68404,61917857|,|2965,4426909|,|3485,16191605|,|13306,77629945|,|12892,48278106|,|70614,45498116|,|37286,99350471|
|6132,6414321|,|21855,32763281|,|1189,9784182|,|802,95948252|,|2906,73632756|,|4028,52260267|,|22401,09508615|,|8936,99788061|
|3240,50278009|,|13935,2296862|,|1125,57621946|,|693,85607664|,|2192,89122576|,|2743,71145989|,|14739,6213614|,|7803,66334628|
|139,96847834|,|704,2863765|,|10,6905693|,|3,68848805|,|2,51409069|,|49,37259946|,|231,30120471|,|48,04403998|
|80,94770638|,|272,79201775|,|9,08025975|,0,|9,2451957|,|70,52372292|,|320,27291769|,|121,96686427|
|1875,92249683|,|8817,19754257|,|146,33317777|,|324,82634853|,|771,60960462|,|703,22741308|,|7976,28173155|,|2491,7405199|
|296,62175776|,|1066,08052311|,|43,38180336|,|13,76368561|,|85,50153518|,|212,16388512|,|1013,7910448|,|459,05370979|
|1564,42444596|,|6855,52280881|,|379,69519813|,|300,37112238|,|1226,08046445|,|1389,18550889|,|7393,2119873|,|3327,77236219|
|678,78498551|,|2838,13870548|,|69,45809865|,|151,44656368|,|575,24901271|,|560,03667839|,|3069,20126211|,|1975,30081925|
|591,454343|,|3013,98542676|,|90,30231024|,|161,22692418|,|430,74801893|,|521,98668976|,|2514,85213986|,|1180,46985198|
|141,64267652|,|663,96584515|,|17,90492002|,|3,61089744|,|34,8989476|,|47,48439185|,|514,71521907|,|194,13053319|
|3066,09989205|,|10053,77615006|,|414,28097058|,|155,34804994|,|516,62347607|,|721,2199763|,|6613,90723768|,|2049,83453834|
|121,18710938|,|711,50570414|,|7,03208194|,|8,65300421|,|139,16727821|,|55,52125101|,|501,77919011|,|265,37342575|
|1333,96278244|,|5348,18476304|,|100,85584956|,|175,45999927|,|412,38493765|,|577,59886367|,|3080,63695636|,|1003,01628055|
|580,28716226|,|2457,38046874|,|97,56856317|,|53,51231913|,|103,46118569|,|207,69266998|,|1468,45220616|,|427,61380049|
|216,87048224|,|825,18002898|,|14,40380134|,|3,20456921|,|7,84667857|,|87,18119925|,|509,06624223|,|134,31090308|
|210,00933344|,|550,70306623|,|27,14049943|,|17,7342386|,|35,23959932|,|90,9688804|,|661,84590706|,|279,37066117|
|148,61286746|,|619,61821591|,|25,62062969|,0,0,|56,97166893|,|297,78220844|,|81,83391939|
|202,25782334|,|910,99664658|,|13,80654764|,|4,24025318|,|3,08863099|,|90,70028358|,|510,88983053|,|78,0504865|
|142,12124083|,|1254,69202545|,|5,18277716|,0,|14,55238425|,|42,67627886|,|515,06072224|,|187,23799513|
|735,32722982|,|3638,06478858|,|94,23285624|,|9,99233488|,|94,87386201|,|124,8417457|,|1552,10284666|,|424,9792672|
|235,83162716|,|1161,38259425|,|64,96328376|,|8,04775326|,|89,31223508|,|241,63815771|,|1429,96265079|,|597,88996785|
|337,82757|,|1172,94316497|,|77,37520342|,|97,73527362|,|198,33703997|,|338,50474901|,|1237,41167077|,|991,92373952|
|145,48613697|,|687,8908988|,|3,53513754|,0,|10,80291366|,|53,03962201|,|473,35758759|,|152,67752241|
|224,43199969|,|1007,44756685|,|20,44439678|,|6,17345091|,|29,44225997|,|116,42968995|,|790,88568482|,|321,56925044|
|464,50231024|,|2325,7004488|,|23,22661986|,0,0,|48,8681075|,|757,17159616|,|104,30768185|
|61,55719975|,|316,52993592|,|11,67475751|,0,|9,22867218|,|55,72064481|,|273,21304821|,|45,21430595|
|36,41345282|,|191,57283955|,0,0,|3,92972632|,|60,63971095|,|177,46173347|,|27,16613385|
|392,43261977|,|1849,41067015|,|29,75024372|,|34,01797616|,|80,89933022|,|145,70559572|,|1155,72338325|,|449,83475786|
|786,89487642|,|2747,11839984|,|99,59847092|,|148,63863788|,|336,54725391|,|255,21642015|,|2847,74469825|,|875,1341902|
|128,48898742|,|310,26874031|,|11,19006024|,0,|29,49640778|,|44,803056|,|265,65361272|,|122,47905919|
|170,88989461|,|593,03409278|,0,0,0,|48,06378138|,|488,89077552|,|71,18211533|
|204,72089163|,|495,90436898|,|15,89350662|,|2,97970209|,|13,80594031|,|53,90139727|,|610,71133092|,|100,18017206|
|2103,16921686|,|7757,38151769|,|426,40425113|,|380,53721133|,|1488,71067014|,|1521,60939325|,|9779,05032598|,|3072,13882032|
|315,84630015|,|811,75588286|,|7,0833972|,0,|8,54749725|,|48,40186436|,|350,21933857|,|78,64326626|
|1768,18136906|,|5118,2477356|,|267,28723822|,|291,59788917|,|918,25263054|,|696,57824437|,|4698,90319858|,|2171,03424281|
|310,62691864|,|1116,79232221|,|22,90935305|,|24,61325761|,|84,16092918|,|193,62782321|,|901,36275593|,|377,47010723|
|229,07708094|,|881,19824548|,|33,80554482|,0,|37,16978879|,|41,43543547|,|511,10658045|,|129,13228203|
|153,2794154|,|388,36739581|,|11,93199421|,0,|8,06513494|,|45,91144604|,|301,74962933|,|175,88636235|
|2031,03784264|,|7133,60800587|,|412,79682687|,|367,09138456|,|781,69731584|,|1442,32302545|,|7822,47140343|,|4211,74858598|
|256,32024028|,|597,89495394|,|10,83108818|,|5,85310627|,|13,96502014|,|62,13683127|,|587,43127513|,|150,60742374|
|212,1611375|,|951,60571493|,|58,14320811|,|2,98764244|,|98,90257944|,|148,92761681|,|1216,60104445|,|366,06934975|
|300,32098922|,|1047,23080773|,|51,45748029|,0,|23,06776744|,|214,52061129|,|949,05250753|,|312,00922711|
|2088,85378226|,|6342,26781381|,|281,31985686|,|140,11831241|,|847,77282271|,|1198,53961762|,|6334,15015148|,|2765,85919898|
|27175,37908037|,|124747,06043032|,|9377,85736561|,|10131,55894504|,|22707,03539191|,|27026,71978725|,|113150,38987782|,|57381,23488615|
|102,40955863|,|388,69307995|,|35,63284748|,0,|13,09641694|,|53,81608511|,|383,26183811|,|123,59027964|
|781,47585414|,|4021,4719467|,|169,99770516|,|265,99938258|,|787,96652061|,|935,84772658|,|5016,98828011|,|2551,58389269|
|3434,01236752|,|16983,15167582|,|1588,56272192|,|626,62985322|,|2395,5399474|,|2672,61966378|,|16217,48663097|,|9227,50101597|
|270,29117148|,|1504,76147555|,|59,18233285|,0,|38,53975744|,|89,57609267|,|664,611435|,|239,08277086|
|359,35034494|,|1535,0157592|,|22,61310025|,0,|67,4544826|,|425,23250063|,|1042,02099011|,|692,64200292|
|384,93916596|,|1610,65330597|,|64,26839972|,|5,78206754|,|130,20296605|,|176,21461907|,|1626,98453633|,|682,85043385|
|439,03477943|,|1495,92952547|,|64,31519975|,|9,24634043|,|104,09652202|,|147,04633413|,|1373,98124978|,|440,72525968|
|469,97036883|,|2153,83482204|,|15,99402576|,0,|65,98584486|,|168,96178627|,|1206,09774024|,|284,72442479|
|295,61732303|,|1221,36571352|,|46,35556116|,|59,52327|,|259,37312045|,|295,32035683|,|1203,1911854|,|621,5760622|
|795,58200403|,|3400,35809184|,|249,34744532|,|103,0759634|,|547,4681332|,|529,6677886|,|2983,70322915|,|1519,74975994|
|761,5419363|,|2445,32820071|,|89,95587266|,|85,3172913|,|90,64817535|,|238,35226401|,|1686,62254936|,|721,891011|
|2112,26628422|,|6929,48016001|,|261,29156983|,|239,57952283|,|790,83464047|,|1014,17925187|,|6685,84608425|,|2681,14681637|
|775,82158903|,|4208,76710731|,|112,71197064|,|36,61231954|,|197,64016183|,|388,11861678|,|2052,38516246|,|763,67676408|
|257,95138951|,|933,12561276|,|53,64249148|,|5,9656429|,|19,33583247|,|167,65736264|,|792,60278522|,|338,44996264|
|983,91148625|,|3398,30250519|,|43,06067084|,|61,63600135|,|195,73835945|,|356,06892207|,|1884,4601979|,|905,88957098|
|150,1307701|,|684,07797961|,|13,47053714|,0,|8,06200998|,|121,37137552|,|460,43248118|,|134,96765201|
|341,79797547|,|1713,85587439|,|17,83633541|,|5,86275807|,|83,55705047|,|316,13455783|,|1346,49973299|,|644,85172614|
|322,63773185|,|1124,14984378|,|18,78926132|,|11,58741282|,|23,55233985|,|123,12851805|,|660,22716032|,|273,45558132|
|556,27610452|,|3637,39978094|,|41,5985783|,|74,60058601|,|325,39596995|,|307,21886907|,|2508,28096262|,|906,2931223|
|71,14671623|,|310,89796769|,|7,83626088|,|2,06067927|,|3,6904088|,|39,63528746|,|121,85969678|,|53,68966314|
|650,55785732|,|2399,41697742|,|75,30279736|,0,|89,22995541|,|349,18595385|,|1531,59490671|,|705,23025773|
|295,49981846|,|1236,54810027|,|22,6600785|,|3,23457132|,|20,77417723|,|95,90624638|,|784,22294484|,|210,07660304|
|5944,17258049|,|13121,05635824|,|898,72000857|,|463,11767201|,|2345,61412495|,|3517,9525882|,|16455,00139154|,|8353,21766852|
|117,60817934|,|295,81725424|,|5,10296033|,|3,45027204|,|6,15584752|,|31,28874169|,|215,35058517|,|28,93953125|
|426,61503894|,|1513,83969372|,|16,39029619|,|10,9469025|,|43,69902175|,|154,50228186|,|773,91933977|,|452,34648305|
|2218,92915421|,|6533,47719417|,|447,7148247|,|325,12952822|,|1223,63081289|,|788,93650213|,|5461,86986096|,|1972,99136451|
|230,71888745|,|952,79111899|,|32,49025643|,|5,68510854|,|19,69620206|,|47,1225257|,|512,19713913|,|162,2156691|
|108,73679246|,|394,80058949|,0,0,|5,1590278|,|83,10268415|,|345,17618106|,|98,47171964|
|588,86936039|,|2950,00537507|,|48,18952535|,|3,82784349|,|120,01453726|,|453,37096038|,|1717,89697513|,|726,22268018|
|2063,80865016|,|6033,34478099|,|459,01255382|,|229,11057362|,|813,56999663|,|1294,86422158|,|5518,97066535|,|2639,82392705|
|163,04793304|,|494,44400477|,|16,26100522|,|22,46950137|,|32,562236|,|89,13198288|,|452,50883775|,|205,56581141|
|577,7757832|,|2243,48136804|,|11,17293098|,|4,57661452|,|33,21493134|,|79,97940378|,|1210,01255251|,|342,77420797|
|2360,02397013|,|7738,48002839|,|367,18144504|,|530,50983146|,|2095,44338698|,|1286,9342601|,|9396,8697246|,|4860,04171852|
|1121,38632908|,|3654,89337611|,|251,26040361|,|50,0821834|,|407,65002917|,|809,12768713|,|3734,70773815|,|1994,68187387|
|313,50879809|,|1307,22286121|,|84,58020046|,|4,36447802|,|36,19825368|,|71,67503319|,|848,17947226|,|287,0561485|
|2371,37610189|,|11263,80914403|,|196,98423248|,|574,89172195|,|1371,61656195|,|963,85763658|,|8968,96588001|,|3714,36468127|
|267,64853026|,|830,8003368|,|45,52233208|,0,|29,6743995|,|214,49370788|,|656,57452243|,|293,88065537|
|1743,2637109|,|9562,01376209|,|263,3916236|,|172,95592296|,|609,76112856|,|748,44265288|,|5949,63787806|,|1833,00716654|
|1496,20677459|,|4869,58227282|,|289,29465386|,|47,84958513|,|188,16076167|,|565,11447838|,|2337,98463236|,|1035,31856427|
|4870,32142189|,|26001,10749947|,|839,50942295|,|1978,96103468|,|3330,37548135|,|4786,13734306|,|31378,5697541|,|10557,34931833|
|516,5152502|,|2115,5161949|,|95,64985458|,|73,10224|,|163,33247177|,|273,61526267|,|1780,70760936|,|734,06814255|
|468,96518865|,|2114,71634085|,|19,92282665|,|84,15748292|,|156,44382529|,|394,17505474|,|1694,49389012|,|593,59156465|
|127,69652849|,|615,31064491|,|16,24377661|,0,|11,38151856|,|36,09719279|,|452,3656828|,|122,66250477|
|293,48060979|,|2204,85842143|,|99,39147897|,|167,83917258|,|573,97245771|,|269,16684781|,|2804,19652781|,|885,49660842|
|1106,65918821|,|5693,21987058|,|392,69908188|,|64,87485898|,|401,37258058|,|516,02826534|,|3265,21728596|,|1394,26285119|
|15403,36722673|,|55693,07609705|,|4078,66212174|,|4878,44816079|,|11222,62899594|,|12436,94608561|,|61668,42136413|,|36131,83492884|
|1218,79370403|,|4870,19081987|,|276,00096791|,|226,22875124|,|516,72378603|,|683,29207996|,|4177,8009872|,|2204,82365453|
|678,02276732|,|3185,11801694|,|52,71766773|,|163,47243531|,|295,86013415|,|402,28455007|,|3701,42725178|,|1210,99375789|
|261,87420946|,|1510,81096847|,|67,84046787|,|20,63117195|,|207,39528536|,|228,13719535|,|1553,11979963|,|493,61418779|
|1113,24310924|,|3738,26608495|,|88,9994381|,|14,72082593|,|76,95939815|,|214,43333082|,|2246,27592013|,|453,19932264|
|1152,50998632|,|4004,73983241|,|272,88772968|,|89,8884535|,|471,26576544|,|800,10086901|,|3954,25808048|,|1444,45082701|
|3044,74830286|,|8645,12158348|,|626,18533869|,|778,58338426|,|3037,34388863|,|2175,70409219|,|13343,16615638|,|7382,73737081|
|368,04799831|,|1662,26496089|,|128,01382046|,|203,37094996|,|568,48372883|,|297,45472721|,|2119,78111786|,|1009,32212183|
|2069,04126674|,|6430,29201182|,|269,65564149|,|114,22951063|,|443,22637725|,|624,1408276|,|3764,6169993|,|1237,35666594|
|315,04411226|,|698,55170579|,|12,26132058|,0,|20,47314536|,|84,80954431|,|461,47963126|,|129,46321394|
|266,77010769|,|526,95086241|,|10,9271026|,0,|3,21279224|,|70,22027349|,|431,42987212|,|97,39481694|
|4432,82008784|,|20558,94526607|,|541,3703821|,|829,42944889|,|1728,31978759|,|3051,59063901|,|24068,55548952|,|5531,2173864|
|143,86668467|,|765,25390336|,|33,56728615|,|5,39750262|,|24,26311193|,|127,38462945|,|856,44135248|,|340,45147048|
|891,97375324|,|2916,16687503|,|218,67572155|,|65,37250349|,|436,5520962|,|717,55355179|,|3446,15219963|,|1775,30056709|
|117,94186591|,|542,62106451|,|34,3952339|,0,|21,85234483|,|59,3174568|,|465,58859431|,|226,98426834|
|1811,02819717|,|6955,66042543|,|86,22665436|,|244,35294052|,|515,1425126|,|425,14080639|,|3866,84790685|,|1001,24041589|
|213,24773053|,|695,66351673|,|13,35343939|,0,|6,97338583|,|120,18144587|,|306,85904241|,|140,68273593|
|136,89131683|,|369,83682649|,|2,87963799|,|7,80921554|,|11,12246459|,|75,86682627|,|333,34399549|,|118,09308985|
|193,36822219|,|692,64400085|,|4,35756118|,0,|8,87801406|,|132,2988347|,|346,97010675|,|259,11382587|
|166,56824818|,|1436,62533724|,|10,56640892|,|3,85494278|,|52,61471929|,|37,00390327|,|987,28659737|,|269,30520474|
|1881,58753618|,|8218,80801381|,|297,19884746|,|350,55245353|,|1088,5761181|,|1144,29854832|,|7259,30655673|,|2859,99646163|
|2591,53227123|,|8007,61077491|,|390,96486694|,|374,59957719|,|960,75473111|,|1269,95258926|,|8693,04006127|,|3268,55422581|
|634,92584074|,|3932,23494794|,|44,85031613|,|10,738797|,|115,16164883|,|183,41817292|,|2631,43630749|,|378,94520881|
|610,39690742|,|1909,25249224|,|72,51093012|,|165,30665646|,|193,75455896|,|457,14295582|,|2024,44271217|,|811,61514013|
|78,49530138|,|313,19324348|,0,|3,52071036|,|2,44959556|,|37,33584244|,|284,05516358|,|35,21124457|
|1093,73992665|,|2854,2579551|,|69,05855655|,|49,9311943|,|204,38773061|,|500,2780586|,|2530,46015753|,|640,47930463|
|12280,81726849|,|47497,43764853|,|1535,09744228|,|2481,59054051|,|5923,61502744|,|5274,4048657|,|46671,78656173|,|15999,92228526|
|184,16221988|,|1023,04930221|,|11,98730598|,0,|21,72015306|,|75,94883255|,|447,31141852|,|92,79791423|
|170,20868711|,|635,11099444|,|28,21316544|,|3,22611678|,|14,95787601|,|76,63096127|,|643,29638752|,|163,49085893|
|328,10637749|,|2058,82161593|,|37,0518467|,|49,22214206|,|289,93180843|,|314,82771394|,|2456,52541983|,|978,39279493|
|1556,36963652|,|6720,35350312|,|160,23297911|,|386,96717981|,|1146,92875313|,|1166,49659975|,|6704,73839449|,|2322,10192912|
|7514,66653964|,|30328,64594491|,|2301,8616973|,|2462,86784096|,|7152,18364338|,|8046,27815662|,|37586,71978841|,|25308,71085541|
|1217,76673442|,|5615,81922808|,|266,79991511|,|216,64255682|,|773,3006928|,|860,91468302|,|6354,03164324|,|3181,12740059|
|1337,4968219|,|7209,71248372|,|240,18988385|,|117,50332829|,|644,07002596|,|1163,90451354|,|4664,2548519|,|2086,53103832|
|148,63033204|,|580,085213|,|5,08014362|,0,|2,17971556|,|52,0153592|,|289,02380486|,|90,71509676|
|487,28632865|,|2248,56030948|,|53,25765639|,|105,09932529|,|280,07857528|,|287,20373289|,|2127,74710894|,|637,27707852|
|103,09498867|,|633,84557802|,|2,18427724|,0,|8,42846379|,|24,0389649|,|315,90794676|,|49,15833101|
|343,41414024|,|2248,78478561|,|61,05250595|,|11,92621724|,|50,21750705|,|143,27714992|,|1878,70282766|,|467,27584304|
|232,75121465|,|1058,55988942|,|44,79656872|,|11,13309138|,|41,58581793|,|163,74569507|,|823,60780794|,|236,67295127|
|222,20454051|,|1593,30713424|,|16,03240916|,|21,64414118|,|86,24548176|,|158,15468705|,|1128,42679533|,|415,01770628|
|1345,56879705|,|4844,2255636|,|273,00645764|,|112,38435271|,|606,32468558|,|604,39602569|,|3921,427965|,|1658,8495086|
|121,53186435|,|777,67746712|,|3,97295757|,0,|4,34588781|,|62,11081805|,|394,37598317|,|71,36815643|
|800,5404469|,|2993,91674636|,|120,77121386|,|85,68340553|,|511,20073764|,|699,28718854|,|3085,21414792|,|1276,46323284|
|218,98076352|,|1090,94422043|,|6,38849309|,|30,8243503|,|21,67587679|,|81,27884697|,|1026,60717777|,|292,29406924|
|2142,41656217|,|10194,79378601|,|372,41761187|,|463,77233235|,|1553,17026857|,|1207,01033469|,|7503,60936843|,|4251,47430387|
|320,92776566|,|1355,02417333|,|30,86701623|,|5,56824553|,|43,1566717|,|74,73310444|,|648,84268351|,|221,23039018|
|249,84894435|,|656,12046747|,|9,756232|,0,0,|40,33548489|,|418,1387124|,|117,78779817|
|523,25900956|,|2248,1125689|,|28,53898241|,|35,35683349|,|147,32629067|,|215,06488509|,|1342,83021442|,|667,04490632|
|1136,04816384|,|4675,18526562|,|30,20281519|,0,|39,85521178|,|165,69027497|,|1121,20582776|,|335,17222351|
|182,64821771|,|949,03947823|,|8,46721199|,0,|8,57383557|,|66,1638427|,|466,45050599|,|95,12141271|
|206,24658539|,|792,74285919|,|38,65122033|,0,|19,28089273|,|182,76313329|,|599,79710574|,|277,7376621|
|103,3108174|,|349,50596047|,|7,14116678|,0,|23,53814868|,|56,5967298|,|319,96661663|,|66,03070035|
|264,89591857|,|1494,62424822|,|21,39942947|,0,|30,60539224|,|37,2048613|,|1021,78975349|,|117,94836243|
|4281,13371523|,|18303,90005172|,|686,03529748|,|902,48963671|,|2749,02482767|,|3706,44751122|,|25241,47267698|,|7600,24504351|
|21726,86961539|,|81501,36090674|,|10647,18416152|,|10997,08320904|,|23927,69099927|,|21519,2693656|,|107654,70600162|,|79950,55002493|
|111,17344716|,|608,92422191|,|4,74141629|,0,0,|44,18525793|,|511,45925022|,|249,33866238|
|564,13307519|,|1813,8762007|,|44,72149131|,|70,87329067|,|210,86150607|,|213,3683684|,|1240,28035231|,|366,92616956|
|393,62276733|,|1463,97178306|,|69,36688682|,|3,90330016|,|57,6671144|,|230,29961803|,|1043,81629683|,|520,6218432|
|7642,89388239|,|26426,89414924|,|2206,92437079|,|1644,3990697|,|5962,26913636|,|5759,65536878|,|36096,03601338|,|19389,19472049|
|1467,27097569|,|5552,97490957|,|196,46701988|,|146,4316197|,|347,7309424|,|731,45468753|,|5301,6021315|,|1270,29794512|
|1762,81247218|,|9689,02853048|,|243,08731971|,|331,0400556|,|358,1043651|,|848,13302202|,|8744,38017725|,|1062,30738391|
|564,92751335|,|1344,94598296|,|47,57038634|,|50,98770334|,|127,19265235|,|260,53397861|,|1026,54699039|,|379,49631095|
|255,30358418|,|1094,93871329|,|11,15236996|,|2,38727743|,|9,17686759|,|70,44932206|,|485,01486189|,|230,42655426|
|706,73914214|,|4037,71526051|,|326,64649217|,|167,80229693|,|600,75027903|,|448,59320902|,|3077,64653372|,|1222,9646698|
|475,12725248|,|1769,32548099|,|56,09387616|,|4,24067888|,|64,07521671|,|211,6646805|,|1674,64601506|,|550,14249492|
|206,60012016|,|419,60198533|,|2,20531324|,0,|4,97060114|,|54,93460559|,|304,65229996|,|33,48859467|
|170,08035171|,|409,77216851|,|29,95565742|,|6,96411943|,|16,87012163|,|113,51146108|,|447,93588108|,|198,43881019|
|320,90387008|,|737,67588418|,|11,0143413|,0,|48,47328745|,|84,52268602|,|690,37189548|,|254,34851252|
|89,86542043|,|499,15733384|,|13,75183874|,0,|8,44161997|,|57,49508394|,|317,51889925|,|81,59144434|
|205,30718784|,|887,22430089|,|7,89442498|,|7,19484938|,|21,6565516|,|98,56992802|,|734,58037679|,|239,17421824|
|333,89057554|,|1683,24170384|,|65,5088419|,|15,10848132|,|158,9100555|,|263,21666556|,|1605,65314555|,|720,43270277|
|452,39834965|,|3404,02019849|,|67,09801623|,0,|84,79362505|,|285,16653474|,|2296,07175939|,|720,80802998|
|174,7617267|,|937,49974081|,|6,76596532|,0,|14,49845059|,|88,07040176|,|563,63874738|,|140,9907793|
|129,62773111|,|1110,88383983|,|48,05958055|,|14,05831198|,|97,43370934|,|270,45500789|,|1310,91422729|,|378,32976543|
|4333,45775724|,|17066,69746236|,|784,72099888|,|945,87008272|,|2072,76282508|,|3968,96574784|,|19378,04399519|,|7032,59080284|
|1777,59369162|,|8186,33716791|,|168,95658917|,|221,68599155|,|287,42843089|,|731,60734356|,|5684,70468378|,|1371,76427802|
|230,98033188|,|1689,75661929|,|37,60481095|,|21,23946686|,|44,2288265|,|68,68570611|,|1061,06315674|,|394,18342508|
|202,30789883|,|725,84153346|,|9,36738695|,0,|17,2234863|,|65,86292073|,|561,85953677|,|120,36609548|
|566,90350074|,|2113,00604631|,|97,02767738|,|43,53895066|,|285,27683049|,|337,46853628|,|1981,25428394|,|722,31634638|
|168,27605098|,|857,51773383|,|18,7177331|,0,|28,24367226|,|145,32554647|,|646,28083408|,|270,28993484|
|6873,77142906|,|31267,51505147|,|1574,78722254|,|1406,70581288|,|3527,82850261|,|5087,92482611|,|31077,07020502|,|9066,71454278|
|459,6456436|,|2620,9303128|,|28,35867746|,|54,0271735|,|162,73738266|,|296,97325533|,|2007,43189189|,|632,33046711|
|90,61814626|,|376,65604872|,|10,66549572|,0,|1,87113111|,|80,13371251|,|253,37156145|,|108,29935453|
|235,17569549|,|582,87675002|,|14,95550759|,|11,84126501|,|54,37056715|,|113,86008329|,|622,50422298|,|285,51989293|
|161,69212576|,|638,16856234|,|26,19378127|,|2,47152265|,|16,57247273|,|9,35047312|,|225,82050373|,|62,54370568|
|1186,20440608|,|4642,84846413|,|169,64534893|,|189,93754371|,|591,82996232|,|562,08280167|,|3518,62419047|,|1451,562539|
|1703,74530596|,|6372,72429241|,|518,14024769|,|373,02209517|,|1060,34332964|,|1242,26428596|,|6141,01573382|,|3530,84525087|
|216,82966218|,|1217,8721285|,|46,46528274|,0,|37,22022429|,|131,46461956|,|724,62031819|,|193,66015132|
|1162,29914245|,|4499,91261061|,|413,80781606|,|129,52572958|,|435,94825765|,|1370,08367052|,|4016,06390296|,|3192,80915301|
|1049,07909551|,|3874,871234|,|164,35206846|,|9,8682152|,|249,65930533|,|476,66457693|,|2705,00116099|,|690,98753776|
|2200,94281489|,|10245,33466016|,|356,46683044|,|151,28561062|,|420,98420264|,|896,55723737|,|7265,27116139|,|2054,22564354|
|405,52965962|,|1429,65859186|,|24,01795019|,|3,38632377|,|111,03361094|,|85,3852011|,|1154,82926137|,|180,33915098|
|350,0438079|,|1158,16123619|,|25,46125265|,|4,36923098|,|27,99520181|,|49,64195138|,|545,36313721|,|139,92102699|
|191,31469478|,|516,41722887|,|5,9506018|,0,|3,07203135|,|15,55772862|,|434,28747783|,|92,75118231|
|893,58576662|,|4246,70128836|,|278,31282829|,|134,38286118|,|893,44303244|,|559,12865227|,|4842,40707158|,|2254,83059366|
|65,12448597|,|364,01315972|,|9,15183792|,0,|12,79123784|,|94,36799269|,|312,6942949|,|195,80499531|
|870,02185322|,|4227,58163495|,|132,64832274|,|200,23082441|,|607,15720366|,|660,64215004|,|4001,26319335|,|1457,76474128|
|65,15004098|,|182,47232057|,|7,26292482|,0,|4,15810327|,|58,469216|,|257,64950013|,|70,70326656|
|52,22448098|,|209,75221494|,|6,22359815|,|2,8272622|,|17,73603485|,|65,81610903|,|262,40553321|,|81,88232228|
|6367,60182225|,|20346,50827366|,|973,93606041|,|1389,05575727|,|4386,34241374|,|4261,18779167|,|15325,72361904|,|14660,6897493|
|582,06716385|,|3754,23553942|,|191,77769914|,|227,93554276|,|521,59209105|,|558,50340173|,|3369,0692794|,|1065,29418667|
|18366,06622369|,|94395,50546817|,|7486,50585674|,|11870,9417428|,|26550,33938294|,|33611,43864985|,|139256,54194485|,|88707,03441525|
|173,99617136|,|1079,47177947|,|19,49103824|,|18,47178397|,|33,95648737|,|115,75984571|,|585,81375172|,|351,63130979|
|1176,77277738|,|4123,92494813|,|111,89296512|,|51,45368965|,|268,41740991|,|320,48472995|,|1993,67857521|,|713,08700937|
|471,86999839|,|1983,97373876|,|64,34582127|,|2,35878449|,|33,37119531|,|207,63836265|,|1041,8797525|,|289,83764451|
|357,72850748|,|849,68835654|,0,|1,8999328|,|34,29046131|,|74,28271871|,|534,29213242|,|238,71463325|
|218,40387314|,|1346,86401114|,|14,15874276|,|9,50328571|,|60,67173439|,|66,41853444|,|682,22120289|,|250,75979927|
|121,19100198|,|549,87058631|,0,0,|12,7470794|,|35,68606521|,|459,3226533|,|60,76932489|
|176,37885387|,|785,92080821|,|11,84402899|,0,|20,10507843|,|103,08366497|,|667,30346705|,|134,17428086|
|12402,78697892|,|42294,2854073|,|3790,63408955|,|7105,14301039|,|22468,155355|,|18407,83355806|,|92441,25481192|,|80952,51435834|
|378,34210686|,|1687,36871014|,|27,20536015|,|4,08314716|,|240,70240852|,|157,78027273|,|1191,04772932|,|633,270692|
|34505,95526361|,|121844,24625749|,|9089,31345541|,|10066,0181124|,|24964,06419725|,|34576,13262311|,|148713,37981529|,|91951,41889684|
|5210,12037371|,|15152,01696137|,|1764,40910476|,|1765,45416892|,|5859,34435853|,|9782,55845418|,|31154,8692926|,|33023,36899787|
|8367,02802567|,|30251,4310632|,|5609,53219437|,|2660,74473685|,|7455,58101451|,|6115,70576844|,|46501,48959734|,|25408,77852781|
|107,42913834|,|474,84691393|,|20,49681877|,0,|3,64277064|,|76,81143471|,|252,42377383|,|137,57882314|
|2715,62495529|,|10961,91331986|,|698,94548905|,|936,19588181|,|2759,9784587|,|2015,92427521|,|13734,85546833|,|9317,5585138|
|97,47682671|,|484,34288093|,0,0,|9,15180133|,|67,95952312|,|340,85328599|,|113,50500424|
|82,9901786|,|311,44025989|,|12,59605518|,0,|3,62679131|,|77,61755271|,|251,2193742|,|80,86253284|
|105,83766743|,|306,73857179|,|26,97922184|,|2,04501596|,|15,60520595|,|35,87812771|,|281,92933969|,|141,28681058|
|1897,73279263|,|6914,21513289|,|309,44986593|,|390,90378737|,|1077,28814403|,|978,47482287|,|7725,59012319|,|3383,60338932|
|458,67872244|,|1700,22973222|,0,|9,34636456|,|5,98573065|,|68,78984828|,|783,430913|,|206,18550761|
|222,95331291|,|818,66748395|,0,0,1,|52,9714313|,|409,01830471|,|150,88298357|
|1713,90038694|,|7444,8870695|,|525,39068831|,|441,10218361|,|1534,90111305|,|1456,57579514|,|7385,34481616|,|4188,23530549|
|16484,10423996|,|55098,09487827|,|6244,02143521|,|4622,675354|,|13790,85168553|,|14709,50455643|,|70766,32637076|,|50881,44817536|
|23805,46979419|,|102023,54540388|,|6465,44672545|,|7926,47215855|,|22444,20310011|,|25546,86498313|,|125712,38097077|,|69318,44002607|
|727,34862273|,|3570,01969204|,|66,80957631|,|31,07930919|,|137,72689076|,|267,02274724|,|1944,82889368|,|576,66168747|
|250,94646672|,|1772,38378861|,|46,04098229|,0,|60,32280166|,|156,46912807|,|1005,29578971|,|556,28855706|
|1511,28735263|,|6100,51285828|,|392,95509419|,|258,17667693|,|918,31429764|,|657,83174875|,|5106,72809249|,|2616,58398395|
|1424,0411064|,|5948,13971281|,|83,44994475|,|44,60549965|,|199,66492165|,|212,36803314|,|2927,17816677|,|1170,92716526|
|450926,99538845|,|1902990,31540156|,|160576,40103607|,|181846,10255586|,|428811,3359901|,|479612,56889561|,|1930145,70623885|,|1461291,2142641|
|1407,18595646|,|4883,81123151|,|237,87919687|,|165,85341081|,|634,18237769|,|520,29221622|,|4597,03564772|,|2229,35373875|
|404,32282492|,|1345,03758033|,|52,47265707|,|6,98386278|,|25,45663673|,|173,11423089|,|762,7950654|,|250,32114875|
|3315,28719798|,|13489,68004706|,|711,87162914|,|568,00315615|,|1983,04797063|,|2335,1726584|,|12078,8102792|,|6612,72617491|
|4823,12337935|,|14991,68411518|,|552,20951972|,|363,92605947|,|1351,88463371|,|1367,43845198|,|11605,33432126|,|4642,12502172|
|412,22437369|,|2048,21393864|,|42,06501323|,|42,07066059|,|155,75163366|,|109,58950696|,|1231,81904682|,|671,07965661|
|472,67516683|,|2348,66621436|,|84,42729512|,|110,72901983|,|502,79556063|,|285,19447481|,|2826,50726173|,|803,53877314|
|12172,85038922|,|59103,10715706|,|1551,42601587|,|3785,98912229|,|8885,28892477|,|7592,16069258|,|67409,20432692|,|19695,23249045|
|637,89053465|,|1676,16138971|,|16,37576362|,|7,97910669|,|12,98495843|,|112,28498228|,|803,99155364|,|335,98331372|
|173,56483576|,|704,19322559|,|14,63744766|,|8,44189507|,|7,53915889|,|29,65206588|,|304,47389154|,|108,14987315|
|107,40162794|,|434,8969622|,|14,03938926|,|1,67598826|,|2,97593794|,|103,56595283|,|415,70105863|,|186,41044591|
|434,29049152|,|2214,09436893|,0,|28,83083949|,|53,11645574|,|107,35749182|,|1190,43354002|,|369,85106703|
|1163,00384403|,|3801,81147332|,|90,8575788|,|72,48859482|,|543,38153988|,|594,68043725|,|3627,60602943|,|2079,06465732|
|2323,78411521|,|6862,82803912|,|196,17348678|,|298,04643472|,|786,53849823|,|464,31225319|,|5441,64199483|,|1072,12921517|
|5310,79229799|,|19622,89902291|,|1122,35837088|,|780,68339967|,|2744,60847477|,|2981,46325918|,|14611,62526503|,|7214,49459817|
|988,19501335|,|2343,35996204|,|26,65746355|,|21,4866984|,|59,54427227|,|165,36636278|,|1204,580742|,|432,28389427|
|819,95727645|,|2795,11765339|,|39,24317056|,0,|74,49717042|,|383,37157179|,|1610,05913496|,|451,18474514|
|243,88499567|,|1095,4875841|,|12,93556003|,|6,6141898|,|24,22665889|,|72,49170989|,|666,10910294|,|151,52748216|
|1620,19640545|,|5038,92305079|,|167,65531293|,|278,65413656|,|642,00582155|,|848,01833766|,|4081,02508187|,|2218,87981602|
|22440,91820227|,|97887,90154295|,|6755,83136346|,|6433,6227282|,|14503,70199548|,|21340,1107744|,|112213,60680319|,|61575,02013831|
|357,36513814|,|1545,84376802|,|105,54453768|,|4,49374949|,|44,18305984|,|178,50449022|,|1069,37296154|,|505,2592748|
|11399,43119848|,|45154,36938688|,|1518,8689634|,|1861,67976177|,|3683,7461808|,|6229,80639749|,|42043,54399809|,|11450,91158124|
|168,25989253|,|867,35907102|,|69,95971821|,0,|10,4361145|,|80,27005859|,|255,70720189|,|159,05872378|
|11594,04013299|,|53648,05867283|,|1247,89589375|,|1784,71409333|,|3945,4710498|,|5675,66903268|,|48985,96605924|,|12741,3667283|
|390,41560018|,|1761,67832796|,|75,53054482|,0,|51,76684723|,|171,48110894|,|1362,21150052|,|562,5801392|
|574,17482802|,|2257,82177486|,|101,40122418|,|112,24968897|,|162,5440979|,|231,28998507|,|1232,63424195|,|592,58111491|
|11665,03093024|,|47809,65850428|,|2233,31842671|,|3103,0567086|,|5943,47965057|,|9105,56092017|,|43730,88425172|,|15970,12915278|
|238,53870806|,|1089,28968503|,|24,28248757|,0,|29,04158086|,|101,55053565|,|730,05116538|,|231,8767448|
|725,16122043|,|1782,26132215|,|51,60756781|,|10,71222153|,|76,41311101|,|125,57991274|,|986,81212456|,|464,51323325|
|209,30711029|,|1117,35126359|,|24,08791887|,0,|56,77178898|,|99,40690188|,|446,59935545|,|291,04592901|
|145,03502183|,|841,7274006|,|53,38014582|,0,|47,14977828|,|107,65059803|,|693,57503585|,|353,38449673|
|1063,30320976|,|3153,83596007|,|112,17365977|,|185,796381|,|480,36351195|,|437,50751399|,|2660,8162443|,|1400,33161009|
|934,16501475|,|3146,07243563|,|166,66483292|,|187,93368902|,|379,33261295|,|562,89633064|,|3312,94124324|,|1450,77442504|
|416,7770475|,|1700,01191576|,|21,42503039|,|6,1745735|,|24,5518594|,|97,62713842|,|597,85183614|,|192,17899948|
|513,60883275|,|2236,97942217|,|69,34139354|,|91,56048083|,|167,72969611|,|205,17458266|,|1428,93469191|,|765,54651214|
|147,0562069|,|480,25882079|,|4,67556196|,|2,48384589|,|35,29060998|,|100,61893703|,|291,86038626|,|69,0995337|
|1965,29306349|,|8800,26718187|,|653,59323159|,|369,384442|,|1099,12403668|,|867,27919158|,|7875,92823543|,|3659,49366216|
|987,33302904|,|4624,32422695|,|174,87546754|,|158,52737914|,|482,7341353|,|215,28212963|,|2344,44806956|,|1001,19448609|
|260,22229893|,|1149,36204876|,|18,04566976|,|11,73316652|,|27,25270086|,|22,31003642|,|472,79421774|,|69,29248549|
|236,79016118|,|1371,72811113|,|28,39334422|,0,|24,98457519|,|126,39043087|,|875,21481806|,|207,96427552|
|768,36799672|,|2508,12118871|,|99,82899322|,|4,53745438|,|48,77210266|,|338,99033183|,|1767,56373772|,|394,08053811|
|4490,47598466|,|17714,62803571|,|940,63764143|,|877,4224953|,|2712,6893164|,|2571,77537277|,|16026,19528471|,|6528,53866064|
|10726,94918398|,|43648,63773286|,|1750,24622459|,|3553,90603063|,|9787,73109247|,|12791,87926146|,|57342,30065299|,|28874,09183238|
|234,90348154|,|1078,02916558|,|16,19277157|,0,|3,63461909|,|53,86345349|,|335,37413118|,|87,24919304|
|1007,48794484|,|3970,10971889|,|128,20657285|,|71,52387439|,|323,23430693|,|414,80218822|,|3027,26071385|,|868,35598699|
|344,84266306|,|1487,15188826|,|36,70095322|,|9,2565592|,|50,13266007|,|226,2616148|,|999,6621668|,|461,2519964|
|1790,12113201|,|5159,26621565|,|171,9149924|,|383,45494189|,|887,2003315|,|845,57409783|,|5300,25268838|,|2833,51386095|
|116,59894567|,|464,53285602|,|6,04346667|,|16,46405889|,|47,25264168|,|57,09679123|,|250,99146935|,|101,11112692|
|91,02270837|,|437,97838477|,0,0,0,|41,75909183|,|354,04809423|,|40,03902411|
|298,86578526|,|1407,84956701|,|87,97086566|,0,|59,65407268|,|202,34873327|,|1070,49729831|,|479,60145342|
|58,5282139|,|341,56107488|,0,|2,38094666|,|3,66984629|,|25,36432803|,|185,56690561|,|45,16004254|
|1537,85704041|,|5988,77988155|,|193,9547466|,|414,02189947|,|1489,48613053|,|1321,59552296|,|7158,09120521|,|3612,66993725|
|176,99805172|,|910,38346952|,|27,98536015|,|4,3981366|,|54,76550066|,|157,88128805|,|774,8589336|,|254,98721961|
|169,47386285|,|1014,738269|,|10,71200684|,0,|12,84743743|,|102,09343134|,|771,08726609|,|228,04143212|
|1824,19438089|,|8473,69421864|,|500,14668543|,|501,56911872|,|1466,4301355|,|1432,66738576|,|9546,29312558|,|7045,08937119|
|359,53277461|,|1597,85474914|,|113,37774083|,|108,46152425|,|239,50654068|,|413,65233055|,|2113,80805703|,|1361,72509234|
|109,60135257|,|273,42657172|,|5,10697193|,0,|13,39490083|,|69,21199862|,|267,07038142|,|134,62951041|
|80,15602528|,|253,67216655|,|6,97196076|,0,|17,49508521|,|78,88275353|,|164,61597693|,|165,97229176|
|342,20340717|,|1034,50674942|,|13,14985443|,0,|14,0911434|,|81,98447379|,|534,19440085|,|103,86507393|
|4126,91690638|,|16757,91005273|,|343,67363846|,|486,51599406|,|1338,5989142|,|1340,03803138|,|11816,11404159|,|4878,69552544|
|170,76270963|,|806,38211449|,|14,84012289|,0,|11,81136491|,|117,40969909|,|489,38816347|,|173,06561645|
|305,93313246|,|1601,78371339|,|52,31127707|,0,|38,0598664|,|219,85594533|,|1054,65347946|,|592,40828474|
|63,06472243|,|279,94712945|,|6,0489653|,0,|2,21373969|,|20,29855164|,|214,85252604|,|32,86596439|
|318,41702018|,|1307,49353233|,|56,33186865|,|40,59588381|,|109,54455672|,|282,31593999|,|1190,39585718|,|598,54941234|
|105,1060627|,|156,04973017|,|4,55560251|,0,|4,89064022|,|25,52033659|,|174,59620638|,|66,77988309|
|382,13887195|,|1707,73340587|,|30,88977428|,0,|194,42643673|,|317,13633532|,|1795,85506917|,|580,1049932|
|510,6062114|,|1715,18901508|,|54,10483445|,|22,70461802|,|67,6740341|,|226,10478469|,|1427,53866496|,|490,45219255|
|3912,5378408|,|13864,65771055|,|1366,83093991|,|1709,68338721|,|4750,1402328|,|5074,2329547|,|19256,04541619|,|14823,09896709|
|711,68240497|,|3275,26578058|,|58,11178896|,|132,7602992|,|522,05065699|,|599,2144306|,|3261,36544556|,|1032,35738339|
|355,27188118|,|1583,67945861|,|2,47283157|,|3,51089746|,|58,2988771|,|136,81341197|,|910,75044952|,|244,25964055|
|1594,12343948|,|6606,23692075|,|227,85279364|,|199,76068282|,|741,38993707|,|757,71351666|,|4126,75884745|,|2007,9105883|
|1810,07475723|,|7964,364767|,|208,99961597|,|626,96803005|,|1016,42838728|,|1079,36959194|,|6285,95505195|,|2851,08582684|
|5184,11018189|,|19470,10376723|,|581,39002928|,|530,00833922|,|1708,96359631|,|3033,45376469|,|15562,00571781|,|3099,42515938|
|498,74793072|,|1813,26037753|,|57,42444252|,|11,6933918|,|187,30589333|,|182,71449661|,|1655,49443901|,|660,98526651|
|2311,01061039|,|9296,92965487|,|844,15428434|,|750,41610274|,|3171,22961942|,|2403,75572294|,|11489,37285185|,|8360,10113372|
|816,12787038|,|2746,1554649|,|65,68847971|,|128,6469835|,|433,64543007|,|658,18143646|,|1974,35646606|,|966,85911012|
|305,6135548|,|1094,6738604|,|29,96036956|,|14,36054201|,|81,36352591|,|176,8574157|,|923,7779746|,|246,67179033|
|59,34028375|,|265,36513775|,|16,28255487|,0,|12,29107713|,|26,9186907|,|229,2364926|,|64,62486225|
|5469,42498235|,|19089,57067598|,|657,60062403|,|899,85544528|,|1987,98386196|,|3019,98165716|,|21416,85200797|,|5387,29015644|
|3113,86684969|,|11349,7749036|,|366,24988896|,|695,65383254|,|2212,27659362|,|3377,79144569|,|14160,19802915|,|8833,22194981|
|89,24739453|,|346,61709258|,0,|7,21241513|,|29,61250692|,|53,27121619|,|365,46922348|,|113,15790933|
