Pre Escola(publico),Fundamental e Medio (publico),Graduacao e Pos (publico),Pre Escola (particular),Fundamental e Medio (particular),Graduacao e Pos (particular),Medio comp e Sup incomp (+25),Superior completo (+25)
1235.64158,3877.554317,126.5467097,326.0193774,847.7621583,1473.46516,5721.942771,3711.924973
180.9611052,760.2011648,26.64169318,0.0,21.36394112,77.06222155,316.9818573,158.5740694
1506.88648,5181.222547,192.3026694,149.5634334,474.0839708,495.4786348,3274.087076,1465.676886
308.2564496,914.1258845,26.19462982,44.50199971,106.2473565,132.6104566,1093.729259,662.693965
768.6274396,2370.37921,73.94020999,75.80359296,309.8474935,316.9427375,2083.170875,1198.779729
341.4647532,976.7731895,13.3640125,7.83936421,58.12353776,122.9512934,719.566196,433.6929325
94.18414774,374.1854118,22.37729677,12.58614007,67.60682892,108.6959288,596.51783,580.2563465
1788.817087,6274.956277,179.7898243,154.1979826,913.7976673,804.566567,5084.858157,1667.312277
225.8598059,933.9874462,23.3327141,7.91475526,27.12066307,50.52737885,452.786124,122.9929444
142.172088,542.8717522,39.73067408,0.0,37.15750858,78.85552433,629.9189558,181.5532729
266.9986108,553.0716223,18.05223507,5.65449641,10.45924807,75.69189689,343.8853008,115.196868
559.46773,3349.478311,249.7946612,79.08065151,292.7845026,227.7725567,1629.406224,1061.086759
138.4247523,523.8233024,11.50888192,5.05079772,41.98441656,70.86289164,453.0157418,146.7157664
1058.453693,3139.448834,88.02810038,30.49350216,396.7539124,543.3311351,3737.908875,579.3025735
129.6663633,505.9386776,8.69563399,3.35053249,33.50973831,49.65114562,509.1648258,191.3599788
965.1142094,3672.312212,202.8693589,127.0274472,681.8243187,564.8044303,3295.241858,1308.593081
132.9074299,901.0281732,9.22066893,0.0,12.78578258,34.63596458,437.0100261,86.33542499
153.1631549,614.9175324,72.42484051,0.0,0.0,78.39169513,372.8325894,116.6732901
8083.311865,27874.01087,2642.604183,2211.735873,7075.865986,9284.365333,39188.29904,21282.22824
1922.122463,6652.784176,112.2020553,48.32061078,361.1169771,457.4748407,5048.643012,840.1475648
172.175539,969.6396576,26.12157357,0.0,22.01728338,140.464678,683.1138479,281.0481268
2688.34867,8284.584613,486.8840803,391.7109502,2062.046016,1846.427677,11321.7644,5648.658393
192.6176337,795.1563769,23.117046,3.59729949,12.01224788,119.6437888,642.346694,275.1448245
2220.367074,8192.627769,691.8873167,439.1452652,1429.269227,1818.745379,8675.286243,4422.750854
1163.991554,4989.526868,298.507098,43.73150699,150.9647315,338.4879151,2182.11671,1115.658833
370.5945566,1139.659271,8.47025306,0.0,23.23357946,83.22632062,572.1277995,223.3462936
293.6157394,621.4993623,20.72162038,1.95589625,32.04973733,54.12148754,494.9257984,163.3868822
1462.554161,6776.937061,273.2512975,217.9001062,819.3905436,727.0457911,6216.700374,2780.681258
146.8965908,645.6071165,34.23568382,4.59686639,69.32049077,139.2304734,479.3638442,225.8323066
1138.041357,5465.662481,160.8540285,35.02292649,253.6415714,294.8717323,3041.451319,906.0225342
834.8963221,3621.745911,69.4463506,49.56145688,118.2745442,411.019506,1759.552649,689.1149318
6706.450488,25326.12307,2278.85862,2160.949753,7147.667006,6148.187308,31572.89426,19064.99952
1130.344485,5380.320673,139.8338331,170.5452305,434.1277304,857.7862917,4046.031336,1717.436477
282.8863367,746.2775307,15.81250935,13.52124529,13.16375469,98.56311444,683.0383879,264.0876862
400.5805548,1028.140402,2.6583708,2.05064123,40.28137626,44.11237165,720.3315677,156.8118236
88.33990382,489.6690462,6.13675965,2.03394616,0.0,30.90075181,335.4171852,59.13566195
8563.634727,27040.28423,3682.862574,1875.029596,7167.794869,7504.018621,41996.34468,23871.98788
5532.141314,18003.71017,1605.136927,908.0381834,2957.241914,3438.599007,20443.97928,10320.93
87.75447726,293.9141938,13.83257676,0.0,6.51007592,40.77979552,253.5381756,61.96675286
217.9353855,1377.289516,34.61741579,0.0,29.97820756,209.9750691,942.7149518,374.1174598
149.0153947,817.4392938,5.20657984,4.20279622,5.5729447,30.02139223,445.8258127,112.434485
411.8176421,2224.820004,27.4952193,11.39291863,68.08721887,136.2650904,1022.445366,240.7615027
332.5434817,1502.094563,32.48831752,11.72969692,86.12752131,204.1127698,923.4093144,362.8334834
1867.373463,7653.555921,80.51506128,252.2593751,1059.067664,1276.767993,6319.429375,2087.110046
3136.321576,15926.71462,509.1394248,724.4828627,1858.657941,2152.603074,12808.05997,4912.403272
75.26712351,297.7776744,17.29817711,0.0,8.35772176,67.9374912,186.2650495,71.28317503
3792.396604,13272.66361,1752.834207,770.6502315,2276.290948,3201.566321,19152.32713,10802.72443
5620.162379,23250.50588,1145.381454,1253.244695,4371.634855,3649.951008,17212.4054,11126.05433
535.6685085,1824.576307,71.37406864,71.90294961,314.7990486,403.6193807,2213.92257,1019.816691
190.8018634,1077.598903,10.90115309,3.87753572,12.65511653,84.24183615,533.5267211,145.6961213
452.3648833,2055.99053,9.76331069,69.23851306,198.689725,145.5717308,1249.725459,374.6942864
4090.69141,12203.57339,454.3019613,674.6223359,1936.191379,1775.953436,12350.85797,7234.092936
575.4593015,2932.040552,167.0674942,125.863435,283.6546872,369.5778902,2650.569063,921.6405929
38.84236399,271.3073794,8.0456179,0.0,3.56218167,29.4914791,422.2171246,34.38239623
342.8350699,1750.400087,109.9109512,13.50117167,86.96480017,128.7329626,1195.079388,490.6945841
404.407369,1906.655332,56.13017674,29.06152969,49.15233285,202.2254124,1358.069432,569.3074233
133.465842,599.120866,12.14576341,4.81462467,6.71751359,70.204746,258.342367,105.616586
251.0583566,1352.630814,21.03839592,0.0,32.93840879,76.55998166,650.4087322,219.0275457
1681.378783,4507.96977,166.7409448,133.4461127,867.782705,625.1487006,3973.33824,1917.573039
1135.827974,5451.235938,434.1194148,289.2101565,1068.964018,864.9775049,6265.809444,2893.931246
181.5963315,1195.635694,21.20910688,0.0,0.0,19.46942327,436.3702218,98.29431219
212.1561882,1944.392969,16.03185003,0.0,10.02407827,83.41992105,390.1119176,228.1684394
5133.402516,16325.48695,885.0700992,1164.939743,2809.600198,4506.650408,20765.99586,9411.089285
983.7899697,5872.022659,121.8741392,113.5851921,234.2170353,604.1985203,2766.606122,979.7838306
13770.05072,52116.27035,2264.887651,1618.448199,3766.472872,7403.686225,40689.53973,16760.36658
998.5216526,3275.875119,195.120655,66.62339069,157.2009598,651.6476256,2780.367178,1123.870873
1531.413536,8949.823625,511.9915102,449.6500476,1744.068093,1583.830244,8088.051954,4740.187296
13369077.0,49278.16068,4605.353345,4532.104544,11910.47544,12998.07226,65697.28687,38701.44401
3105.685146,11492.20071,580.6334593,484.8255815,2508.077273,2819.279062,11960.94243,6286.170191
142.0065419,434.3408893,4.5342791,6.90408155,31.1661163,38.94247172,484.2104672,97.37607628
508.1145907,1747.500922,78.50401456,44.09343884,167.2347588,197.8741621,1360.525976,664.2213101
2900.301183,9364.938839,157.3722826,264.2241764,832.3045005,681.2505807,6575.927348,2202.045544
263.667092,1011.240928,22.28602148,4.34834981,80.92217557,258.8225723,1183.485547,560.7387588
4964.904603,15387.78203,581.3333247,600.0852771,2429.561066,2832.243609,18280.88357,8058.372764
1294.891883,5522.676584,76.51312273,111.2560159,368.370414,295.8655734,3770.059308,795.9824087
678.767475,2447.963251,23.62453192,57.72737725,113.526866,151.4335852,1165.520669,394.6024633
543.1056659,1871.543933,71.02094171,15.04834794,103.3249334,224.5207893,1407.881697,679.3954972
504.0638004,1729.950753,29.8934296,4.85452811,33.48139976,154.3770467,876.969666,496.0474837
2117.932265,7938.305005,235.0958476,364.3625648,1157.407552,1494.686763,7083.163353,3478.791503
1132.971218,3325.005058,34.89955768,110.5683154,301.6186898,310.7431632,2634.239833,765.033202
204.2847794,917.8857618,8.57381687,2.70792004,7.1561177,30.02835431,233.8903622,79.99525536
19.06857956,154.8937748,15.28979218,0.0,0.0,6.5802322,143.3921152,24.47039179
304.1017396,794.6990815,14.40534631,0.0,30.76866925,86.22046363,572.3491228,152.4794727
505.5255274,2040.772523,70.02475862,32.63884899,232.3977248,251.7524186,1689.008915,618.2505789
110.2200761,477.3808722,8.01671426,5.25786999,5.29653435,30.89317161,270.500894,51.06128127
5426.832369,18491.50538,2913.819562,1514.598869,4602.388941,3478.533415,23022.21399,14981.04775
5129.884272,22401.18896,1374.749786,1151.845092,5599.29028,4001.355169,24973.67454,13732.80326
159.826266,806.3098892,8.85827316,0.0,20.63325642,108.9293807,516.1607691,267.431894
122.3014024,447.7415791,3.37623489,0.0,10.98654417,38.55345244,269.4966395,88.24499256
902.3040499,3472.077547,64.84566587,191.4628825,493.0156764,375.4298046,2626.551644,1348.745143
1203.939122,3190.288454,101.1980782,171.7291067,442.7249167,274.4300742,2898.276939,1102.067599
995.7557711,3968.98268,121.6904628,10.76669743,24.18601371,190.0517412,1615.573573,605.4088756
582.5156229,2074.576394,84.0111331,73.67431674,233.8235863,447.4097331,2396.707518,991.1111671
169.5568456,714.5997839,40.78722389,0.0,14.95835895,128.6929042,416.4126642,290.2541623
211.2000362,867.2350148,26.63266319,0.0,33.50187699,51.92198027,472.739538,127.6183114
1974.042798,9269.013414,199.5357775,229.1703928,400.2830677,989.6165887,5197.80702,1288.522178
3089.308679,12770.21273,553.3516839,1112.97787,3454.487105,2477.032219,17311.83572,6454.161353
1285.154196,4670.550081,231.2128475,407.1096647,902.0921965,834.818343,6080.467723,2408.442708
741.8169383,3378.621782,71.24987437,33.87062409,272.8052416,320.4279501,1835.165859,965.9701701
656.3119212,2343.273618,77.2718324,84.60548387,232.3247463,380.1459183,2207.6164,950.9352254
144.3436235,754.4392771,26.90692402,2.18547656,9.93184948,161.2292732,695.4301706,65.87355877
3667.595991,15424.86973,478.1596018,939.4028836,2185.419422,3359.420427,16761.44135,5552.50897
121.8969461,1012.488196,15.19684416,9.38409922,42.38076821,79.46228489,542.0405938,152.6343929
3766.577857,13577.68772,488.8367209,437.1082432,1169.805498,1640.317447,10010.17229,2335.630561
1222.829706,6236.652784,35.96921782,130.878003,417.7271798,594.3119898,2919.79914,951.1830001
304.7811451,1681.104307,28.98777332,0.0,83.38867471,240.0529865,1120.771757,525.9383163
1023.695161,4414.967783,139.0113762,132.8654528,404.7786921,377.1321442,2480.546215,1305.465897
188.7567892,1186.290336,11.66072027,2.40461994,5.80293501,45.59754531,623.3685342,184.478728
42751.74998,160789.6219,19632.2489,16274.9132,36052.86358,43514.89733,189915.7389,147623.5018
3230.974671,13679.80066,422.6428847,727.8270263,1716.380828,2402.014962,14503.12657,3552.106611
2806.884161,9126.812509,191.2085639,167.9313575,796.9642618,988.7466956,5446.653098,2394.932212
252.6171214,884.9779949,20.88029952,0.0,5.35535892,104.0680023,525.311483,211.1505391
517.2580253,2595.969867,15.01522412,25.22093255,91.96902213,156.6188853,1655.409872,400.5788598
206.6605461,931.7735136,24.80307544,4.7141718,34.94608646,47.45627164,634.0825697,99.99263841
1414.736023,4967.217081,167.2599404,135.284122,392.834081,568.2645236,4467.18665,1359.465307
87.56971529,438.6585129,20.87860717,0.0,6.3903899,49.81456724,441.1655545,105.7544299
170.5730499,1075.525089,35.21624098,5.65960493,19.90428502,69.85174132,447.6094374,85.01218446
1715.056845,9728.964142,263.1599933,235.6200638,660.254501,690.1183973,5778.280464,2016.488135
731.0621117,3323.523359,88.12567742,46.81211052,125.300366,327.7977849,1788.244522,484.1378146
2262.369305,8334.773358,387.9059914,302.6056081,923.574488,1109.567787,6854.380535,2958.138998
5634.057761,18017.13989,572.384959,768.772721,1677.031605,2237.824142,17603.05106,6775.610568
16297.49378,78832.45382,3278.398436,5691.347486,5773.238767,10344.2896,62659.17247,15419.01763
412.5032952,2459.193725,125.2342543,76.49462881,203.309859,285.6012329,1247.601555,635.6831869
1501.276419,3833.324633,169.1383702,278.797393,657.6125326,513.7711616,4503.329848,2076.413221
138.220106,474.8946924,53.91393687,9.32759516,15.53602876,38.76798095,310.9239735,120.6798744
612.5934437,3237.55113,121.3100773,30.50769255,120.1692855,389.4212835,2396.803571,1064.715138
4144.86309,14432.96205,1052.426859,1162.606017,4149.256432,2881.221096,18648.90756,11034.82352
213.0103347,1167.054663,2.76012355,38.74197331,34.2262205,90.27185992,954.1295003,178.4161399
386.267913,1102.128607,45.55431158,38.14899842,107.4612722,161.8503766,1268.664431,590.1803351
659.3851951,3082.199979,73.15640166,93.19537772,278.9225806,392.5899872,2484.435371,987.3670849
1790.808837,6502.389538,225.264652,364.0232163,835.2208351,1324.289961,6792.305809,2438.945946
561.9898552,2974.663026,76.28512656,38.31665576,84.7632932,148.3030364,1972.336588,661.5494012
612.5597344,2694.959684,41.85332924,47.42909629,59.38797661,347.0323315,1986.662692,595.3471632
481.9995266,2181.310584,66.20068662,41.62957607,245.9099652,258.6806167,1485.503323,586.9685163
373.8303092,1156.173915,28.27997279,0.0,21.66139743,152.5193006,870.1661952,310.0352961
795.7934948,2767.947473,99.63844626,60.3146055,316.8694785,472.9031639,2519.019742,1083.533949
331.4644103,1207.278525,11.96816423,0.0,27.62938041,157.476352,760.3239153,153.6372385
1276.01768,5290.142068,131.9644557,65.46776974,159.2888472,477.3189438,2608.667291,842.5129925
1007.316724,2254.886607,75.9066501,94.18752778,482.5545715,234.6675324,1975.047067,1017.190966
1408.356241,3404.369964,583.703063,47.7779889,359.9595943,347.1676569,2955.792077,1311.620885
333.0659831,761.2408497,17.93841869,0.0,12.38037912,126.9046186,551.1149984,270.9841049
196.2210647,1070.236889,30.68874741,0.0,42.95871619,55.34311312,444.0551476,114.8278213
188.2390716,706.7599416,22.72309887,2.83827434,35.40636424,60.19543582,502.8076395,144.8658787
2618.023457,11591.00564,260.8502303,276.1013134,863.2312983,1139.482457,9303.152884,2526.144397
202.1845259,1063.433386,16.42391749,0.0,17.20812783,178.35091,925.6799211,356.4298572
8746.484813,41392.22871,1532.09527,2892.133479,6520.418605,5414.693414,31791.76411,18336.46824
1424.82219,6966.320669,310.9415853,303.1196215,559.3116703,703.0111433,4971.818544,1470.538291
311.4009515,1408.32359,28.97047904,7.96114964,67.63126876,142.5314187,1017.811936,376.7169004
91.06286754,383.8920404,21.7593687,0.0,1.66788272,40.31966257,487.1090346,89.75635674
2519.712046,12622.07399,589.2462678,1024.211514,2881.997907,2318.26914,16306.01319,5981.947532
5569.495472,23640.18139,658.6385587,759.5051636,1657.246685,2454.797465,22187.87193,4620.48481
809.0933313,4213.110463,75.2235432,87.19002076,231.2643712,288.8609382,1551.481756,992.3877636
1045.786261,4894.056705,315.7741907,187.1274957,726.9154361,889.9616536,4296.053473,2381.499835
19081.91043,78036.74127,2834.386837,3215.55739,6432.947784,10178.95914,71135.91886,16054.27921
76.67468182,256.5168395,3.00551552,0.0,16.22834653,105.1851044,217.4254906,83.27885512
441.2518556,1592.847796,19.50714041,5.62126591,46.64486053,247.045708,1088.623626,609.6192872
390.7173202,1675.231054,67.03693708,0.0,42.24657741,145.312203,834.0847731,290.2823761
777.4786489,3923.992767,313.7425194,154.5859437,766.5944251,509.3715104,3068.909746,1204.91763
99.70788289,329.5181716,7.30286909,0.0,7.80378116,78.88144352,252.4577563,123.3212515
240.2636922,1503.876365,54.07208137,17.64525376,87.28441916,263.6128502,1314.548649,382.9469999
1779.383629,5224.368677,424.9313189,305.3678033,1057.932746,1270.420361,6699.523983,4541.482487
407.4183722,1856.756423,99.42657179,11.11231621,225.8565772,319.6242303,1809.05568,786.2169385
415.1228292,1384.041947,57.9428262,9.31495528,147.0486605,146.5568061,1082.429931,342.3984249
270.8443803,1123.217855,25.2935133,0.0,49.69495371,229.6258293,824.900379,367.2489707
814.0419953,3714.017712,25.63102209,0.0,59.32791672,200.6424963,1406.737724,550.9825124
829.1788767,2954.889282,73.82775007,30.3099181,115.0164905,203.9660721,1165.327488,442.4703202
127.2503031,488.2853646,14.42417069,0.0,26.11280057,18.92956865,435.8109377,61.4634693
113.9774552,336.1860062,6.52059013,0.0,6.62680031,40.96701927,346.8185433,49.04918993
11984.68064,55626.09714,1519.33788,2457.276462,3863.778507,5118.440069,35633.16234,7492.687029
3618.277753,12130.90658,457.091384,491.8182323,1264.808002,1432.281257,10331.15909,2686.408411
140.8928321,523.010166,5.92234073,2.64482905,30.40495378,83.25687885,481.2138004,105.8250169
631.2924802,2583.852086,49.70525598,169.8213143,589.1344281,1111.168976,1932.131556,917.4845638
1916.816689,6008.876544,202.861221,333.7983504,890.4304164,1234.647123,5608.366617,3780.774323
247.7697824,919.4247005,43.35987196,0.0,4.87388113,111.7581785,390.2581091,79.0813358
600.6909011,1654.624279,13.88375427,29.52224707,40.55524505,201.4441226,1681.791697,462.7650848
139.7094345,524.930431,7.6676648,0.0,2.55049708,49.36254921,431.1776129,69.40907832
370.7434791,1047.117659,27.63847263,31.56521309,134.8085696,222.3106018,1166.651749,555.6872482
464.6385094,2015.784771,31.31924433,0.0,37.39909749,171.0357843,1155.363508,382.3033716
798.8058964,2531.942729,141.3167783,46.10201557,168.2793468,403.9472619,1992.154851,790.9343846
221.7911699,793.5328748,23.30812317,3.80903507,22.23466119,115.7841751,850.6049465,282.6379336
2681.403342,9066.313394,592.0517662,339.8095771,1366.593788,2679.888127,9958.685902,7055.230464
93.02461593,284.3682335,10.4865399,0.0,4.61503544,17.96900879,134.6318529,36.94846839
7838.252754,37596.00633,789.5108852,1574.682568,2667.519097,3577.252674,27215.92485,4816.371607
48.85406202,345.1380886,6.07439348,4.81408602,0.0,51.32723974,255.0571179,106.3433082
108.0142231,363.5775648,12.45622732,0.0,21.95241906,122.8722257,457.5760129,225.3881223
577.0719299,1876.176944,23.80885757,0.0,73.99119488,246.2736419,1245.126429,443.6952341
261.526268,399.4015161,15.3155436,0.0,3.79237464,86.32363948,174.7454305,144.7866047
10011.14603,52469.03129,2275.834476,3127.036315,7621.723369,8937.846147,52726.8943,25254.38673
7844.800344,35986.30182,536.3641554,784.2305092,1146.735101,2085.166706,18537.45124,2276.702066
6380.80294,25288.43831,648.0677862,636.2651052,1531.783678,2574.023832,19883.78913,4367.285849
143.661075,325.0270118,0.0,0.0,32.18992731,88.05464992,505.7527259,174.0293245
221.3806923,1162.835609,75.33649519,5.60159909,51.37328288,101.9001723,815.5195722,292.0756238
1707.488935,6789.795191,713.3692782,242.4971309,1128.407075,989.183986,6239.387994,3434.535702
167.6468698,575.6074534,33.1341396,0.0,3.06797261,83.37780622,414.3323614,221.6796635
260.4925407,1387.804625,53.87102434,3.54568136,17.58121756,40.46245904,478.5230336,102.310165
392.3113463,1528.83359,95.27884295,34.60816672,109.9037902,369.3442526,1350.630909,887.0565552
412.2928025,1645.982546,27.63990253,52.1204055,92.60739398,178.2701091,1392.514634,436.1642963
205.8233384,831.2874107,0.0,0.0,41.79600177,84.00188471,530.1864989,157.5306335
412.8485803,1884.295391,30.8642123,24.09917559,108.3081386,191.9694024,1677.575025,417.8948205
217.1737982,1008.152189,16.23732393,0.0,13.97794449,78.50076282,695.0003365,191.5611891
1839.302271,5427.302003,251.6873285,274.0328454,818.8021126,1221.706772,4879.679435,2180.344638
778.991426,2719.019926,50.29599993,39.95853059,193.8615304,373.0836733,1989.285636,884.6660618
953.1694889,3851.109988,18.81970166,16.88993117,35.06221472,173.6133801,1410.80111,355.2813296
821.6701768,4115.622106,82.37410083,138.5686072,312.0183324,317.36751,2176.367562,1014.177889
273.145457,1269.861173,65.38692394,20.4064671,116.4568777,124.8176049,1212.282438,453.0324358
547.5380329,1878.462914,33.27127139,8.97904988,59.04492951,282.6374043,1290.844133,618.7131231
109.5583653,312.5403281,8.69170943,1.50040006,7.36332887,55.54830942,293.1771893,93.72625888
200.9210227,1327.07999,28.25306985,9.45266615,50.94122464,70.07170551,746.2150834,188.7239112
1535.76343,4258.220651,286.9203503,263.890684,1046.053253,627.9661779,4345.097269,2079.231637
1079.202098,6033.708642,134.5840071,116.0404662,347.7407148,484.0194646,3776.852579,1570.53364
3274.626955,17907.96162,1779.415639,1372.54869,3594.939407,2712.712471,22601.00141,11322.3718
383.3527482,2102.048375,25.64369439,0.0,51.28478714,107.6045218,1136.369964,422.3206311
1524.043793,6647.003016,205.6463574,84.90616678,539.2153699,845.0100054,4805.309918,1390.282551
10950.97717,56230.48386,1031.412966,3570.407875,6413.380519,5788.017417,47899.58552,14643.29311
60612.72257,241297.2707,12384.2755,17383.60875,38907.1361,36869.40229,211032.7399,79324.82134
591.709581,1273.670812,59.27248238,2.1219403,20.13896128,97.01995602,786.7878771,226.9827528
127.8250913,716.7747997,17.60801134,3.15425042,38.64369838,57.69323305,502.2226496,156.9870763
367.0049925,1574.175489,56.53406458,36.95913798,42.1485548,162.7573605,989.7142849,366.7073527
534.3237712,1646.207216,116.0909383,93.73346349,542.3991879,292.4826797,1597.491398,1165.664368
9012.537244,38724.03211,895.5741897,1617.521214,3202.409574,4736.492588,32013.48684,6494.190139
449.7264977,1523.522171,17.27596323,125.7741261,167.7894196,199.9552917,1300.475375,559.8064631
213.3383671,1060.523194,36.22957162,3.65530799,31.1264275,140.0247642,617.0973465,265.361524
237.0230623,1259.585302,6.40766216,3.29286871,34.96586524,98.64976912,499.7229506,157.9226481
1705.699534,5409.459416,128.5963884,107.7855294,279.3146241,611.1697815,3414.571431,710.3944063
469.615732,1431.849964,38.9419168,46.69301396,121.2215758,195.9052582,1475.860694,538.2620581
397.5530361,1230.479853,63.27475025,2.1770751,41.0809866,107.2697012,774.315433,315.7978324
2046.622857,7958.122445,485.5030196,437.3987417,733.3861698,747.3599929,6832.097659,3019.418999
2706.199982,13424.89376,264.8697358,358.0680475,1142.309634,1106.048827,7367.127205,2656.703191
276.6991659,1348.699295,30.40690721,30.86642802,103.862165,162.8150391,1061.002865,400.9154064
324.6801482,1266.985239,58.25082169,9.54166568,6.57705718,194.3889117,1160.939077,396.2952957
761.825377,3880.157332,140.5820822,189.5432957,488.5533972,372.2832299,2873.557718,762.5393527
1187.498019,4730.753218,187.1405498,143.3655399,642.7030456,571.6537524,3554.880074,1845.030094
482.5452627,1850.843036,29.70911761,17.22751403,50.30005565,126.3865701,801.2783322,264.0815554
1370.427028,5979.161688,77.14451699,143.3388636,386.4486816,306.8991818,3574.942204,1576.619921
502.0639268,1693.894409,8.75126853,40.52686562,86.70028306,154.4789218,1382.470623,384.4619326
949.9147826,3727.956307,774.2342891,103.9789769,1056.054647,657.2122633,4702.254779,3088.19259
1675.309364,5389.065341,182.5709731,153.0441547,385.5871633,365.4591907,4451.698735,1747.037262
8403.915893,32552.75695,2412.709025,2200.536306,6971.63088,7709.211474,37537.73139,18695.8442
137.6115545,834.819754,30.58384985,3.03904581,41.9107544,130.4787509,752.335288,201.3380858
198.3892386,506.2294418,16.16424864,0.0,25.82152938,138.9037081,603.8484923,237.472945
133.3194737,620.0921847,8.76912483,0.0,21.8080096,68.30099062,644.8900502,156.7826183
480.0088623,2317.671015,118.5171548,143.1840334,334.9901413,345.8445006,1758.087452,563.6880821
1123.425251,5719.7127,111.0111373,58.54994908,209.9713246,334.1666979,4319.738209,749.176616
370.0203462,1136.072821,17.25421894,20.56258779,61.59996209,135.7226242,713.3068693,285.4692985
152.8827483,738.3649888,18.05291403,0.0,27.40341726,95.31761893,523.1030877,100.4729231
157.5282594,1050.195289,34.40038697,0.0,5.8223595,80.7735475,561.7317224,128.0183915
652.7763958,2904.730566,172.8369765,89.80665172,342.205368,262.6278179,1607.62179,629.0388129
964.1080045,3288.896002,85.72326779,76.28021612,253.0570502,658.6985481,3550.261802,1051.173554
388.4296887,1125.238765,16.25707988,2.93122327,16.06654414,99.64620253,829.9198949,256.1727528
214.2348866,1063.859956,23.21719582,44.87415129,55.32706333,108.7403088,907.9951088,405.4151139
863.7643392,3348.942277,67.80919313,34.34438771,106.6761577,259.9122846,1801.200399,601.6238544
1006.649246,4138.245854,30.05852531,80.67609451,229.4160104,274.1346975,2781.706807,1101.632916
506.3245773,1985.274424,51.83887556,48.59498339,214.2627716,263.3856636,1345.589192,938.9889549
170.4892867,575.8376946,6.81200001,8.32532166,8.30774322,86.39888399,288.0478879,108.1588185
4579.158547,16935.64896,399.0139685,557.7958138,1336.966246,1583.776265,14827.03729,4941.815328
144.869413,768.5060904,13.34755275,0.0,0.0,39.02802599,349.8257542,73.99646006
6366.725438,32989.49493,707.113808,1624.815492,2182.665893,3679.397416,23050.15448,5281.265105
6947.024899,24862.74236,1467.86053,999.3465023,3115.768108,2622.836264,22010.76427,11245.02646
4787.161088,17723.32766,498.9635822,309.8132436,1420.013566,2004.766793,12263.86301,5241.013127
8608.902521,46030.50029,942.6884457,1433.026415,2071.828593,3141.247448,29447.63208,5100.605575
2900.646151,10007.55603,513.2933149,623.6492048,1904.357841,1780.612213,10544.19274,5273.303661
259.6191502,934.3928389,12.22766209,0.0,4.22391238,49.20162758,333.7804214,81.15755098
1530.7922,6051.414089,480.6366978,217.7147159,909.0228055,723.4467643,4159.376457,2615.465279
634.63194,2385.732543,21.85661718,76.7216973,213.2912199,147.8933941,1428.364115,626.5351379
645.741426,2012.499533,40.72697638,20.17526449,191.1515885,157.2440949,1412.951115,482.8069913
235.7523547,782.8532067,28.10379237,2.9002507,9.61604686,48.35077298,595.800399,136.7076808
15513.29607,72785.31897,1215.260619,2130.722236,2712.712342,4031.03256,43665.5739,6319.441536
2386.180487,9316.901978,261.4099246,253.1353855,520.9402454,732.4171709,4978.005105,2701.296138
648.3490868,3746.460946,20.88325117,10.43771607,48.41734541,136.4952917,1432.431334,410.2203942
4979.133191,18223.1551,1104.481711,992.3027322,2534.284528,3257.656951,16192.66248,8255.254883
771.4875753,3557.018048,71.26828925,44.67437077,252.8143928,232.9854518,2063.603731,664.741906
627.0314552,2362.571623,57.15813109,8.64321695,93.24389772,287.3082696,2025.855486,618.8784139
228.2633711,1295.558615,30.77760223,2.34723849,17.23759253,63.71497078,567.937984,203.240275
177.7853695,1293.569996,46.54281825,34.15605109,127.2912249,100.702007,993.1454233,262.508045
5813.415893,26913.02882,1047.138243,1527.872168,3561.986465,4443.418945,25694.89903,13480.67146
2396.277725,7345.864794,211.9060577,416.6534094,843.6401118,1257.775456,7160.15638,2407.311894
1436.22888,5670.085803,339.5641596,322.8791214,1362.155988,1279.167879,6052.090154,3317.965636
392.8815111,1028.362947,3.08145824,0.0,46.70112504,100.6303651,681.447399,238.9205468
2807.671003,10374.84491,1797.415989,549.9015402,2121.240542,1382.467083,10568.9444,7616.625688
9406.408055,33813.8665,1030.997716,2240.609835,6083.709069,6681.508454,42814.79765,15975.08004
237.1816768,917.0507376,28.18830954,8.93731683,39.6291547,133.6051178,755.8602756,194.4961643
667.0185288,3666.987285,120.4315714,49.07288419,180.9387846,284.2279362,2016.439515,843.9833411
2027.259513,7386.206912,296.0690637,336.4414857,1217.833333,1693.087978,8258.379467,3551.7584
1483.693217,6224.575561,924.5035941,408.2596994,1275.58924,1412.943555,6513.072135,5494.403514
320.5461697,907.9853771,8.84345851,12.70210328,42.49576326,140.2251266,941.3853451,259.8383927
4721.979383,22182.11264,682.579641,1234.705681,2202.0335,2715.050978,18687.09201,5315.772794
1301.778347,6665.980987,229.6792459,438.5536234,1106.77487,551.6945455,4574.531799,1858.657002
1305.652262,3958.543046,111.6629821,144.6002498,419.0427997,412.8094785,3006.99809,1048.546205
5053.054199,18356.58961,1951.355884,1261.432271,3734.2838,2394.307454,19583.77192,10828.77729
157.1611507,631.4996227,7.60120119,0.0,0.0,37.59728884,372.9102892,123.6638857
490.8279674,1989.983449,42.94979347,41.71367475,55.82417488,169.080601,1096.933257,584.103135
148.1569188,900.4135204,7.85056602,3.20856394,62.51211969,90.16887616,518.8404579,149.0106407
1171.889343,4852.864901,187.7210358,334.3777823,741.9259166,952.7093183,4456.133108,2011.462006
148.857554,960.5730064,20.356668,8.75907478,37.92937552,72.52794267,521.2651129,200.2589212
125.4967752,523.6955439,14.90856982,0.0,8.64221002,57.65037115,325.2918524,142.3976723
14161.99108,48163.58522,4262.111589,5281.23722,13892.99474,19107.37748,66321.15439,49765.67861
872.3573186,2553.070498,108.0980372,67.79836418,233.0440658,522.0240111,2113.387613,1198.028795
659.6947739,4139.230139,35.18260715,45.42140233,274.4829931,266.3542385,2440.682708,640.2630764
1590.060802,6172.337671,46.08807836,126.7486275,248.4441248,523.4844066,3808.722364,949.7994383
177.2226139,928.6654347,15.60322941,0.0,15.7269222,63.57640543,501.7489585,189.0495721
1047.067499,4337.789919,254.406619,131.3599682,291.0168153,470.0344407,3526.506625,1548.314011
185.652574,814.9922008,39.63682179,10.04991668,48.55797037,147.246008,1337.541856,236.683906
305.138679,1390.552079,15.10739096,36.27866986,89.94584574,127.9193153,1027.434474,240.8295388
5224.146697,15143.37006,656.8937286,392.6159931,1453.703891,2625.606996,11588.9434,4927.028662
2993.361789,10150.04513,401.0431432,353.7138048,1245.076893,1767.716668,9425.512687,3921.491117
12217.92724,46190.69203,3007.302325,2400.000561,6868.901773,9057.188772,46457.50452,20314843.0
354.8538596,963.130224,37.6346336,11.36822652,55.91794951,194.1004386,935.130497,458.3346975
2311.063671,10072.09798,642.9832566,577.4117589,2235.079087,2592.702569,13169.10779,7969.093457
3065.757891,12920.41855,821.9141683,1309.191325,2740.896165,2131.096899,16967.51963,6908.884367
98.97720267,334.4568451,0.0,0.0,5.40129719,72.17818404,295.4850308,96.26843665
2319.043497,5521.263618,208.3539534,175.5550269,865.5445705,973.4097918,5755.194629,2394.921245
686.2304934,3192.2653,110.6420481,38.74878464,265.2050142,573.5108184,3063.766582,1319.317211
68.4427234,450.3780549,9.39138355,2.57460002,20.49822399,36.22200375,269.0542662,67.72671394
474.0589162,2462.518034,65.651746,73.31245599,169.4581689,267.7065477,1641.966551,539.7341077
232.4489707,734.6184338,30.21774236,0.0,12.99481497,83.9676451,475.480797,116.412404
297.1437226,740.9518955,36.07408645,12.42552549,24.98407196,80.92758075,581.2787418,207.952508
156.8803938,528.897769,3.4424692,0.0,15.19832785,55.79108188,367.3474814,100.4541856
726.3921729,3122.413671,120.0213553,11.95740069,174.2025639,418.4155281,2139.063249,797.3327996
251.3617376,988.7828123,33.69281293,3.18040552,87.90129708,202.3453269,967.8995524,396.184565
187.7458266,579.3655884,11.33773458,0.0,23.25534959,144.9168843,363.5578195,207.036504
93.77068583,409.5640218,13.64353527,4.72646592,19.12418321,93.16640175,416.6422695,203.4093066
2457.542357,7967.105188,212.4458364,216.2177914,773.5501358,774.3683015,7767.755582,1793.360436
2950.624257,16462.62626,602.5464989,653.3245088,2141.422067,1751.827839,12185.19354,6324.867197
395.5710447,1469.718329,41.38539321,9.65981625,67.18983463,139.7065735,1399.550539,316.5236448
162.0758771,841.1231491,9.78553132,0.0,12.01591805,48.45438533,483.5617427,146.402524
579.6452587,2284.126674,152.756682,46.05304373,200.6752109,351.8722511,2188.706501,565.6639747
82.74668878,391.0499836,5.67034681,20.41409973,38.90023898,41.44738694,377.9502298,60.111032
165.7153267,629.023101,0.0,0.0,10.22338074,95.81761717,489.0616852,138.1283251
10170.24086,30357.30405,3000.049515,1544.690329,7711.726614,6924.781161,42559.74928,23662.81169
84.72296703,381.3126857,11.40121923,2.70936419,16.77986405,80.55898263,278.9307576,90.02474397
1260.653608,3624.870295,113.2780193,89.96429897,149.0661106,462.67481,3223.544611,1201.338244
3295.795321,12792.19748,862.3662793,549.7584367,1393.278293,2245.888341,10955.20989,5118.366457
16858.22916,80016.66866,2649.348684,4719.186819,8968.078465,10937.55406,79651.3183,17650.39069
181.5310348,1068.440465,23.06887113,0.0,29.21025406,115.4454124,516.1756564,222.9007823
173.5301782,574.3737635,4.01931805,0.0,20.0218292,95.28260479,409.4065637,198.5421178
91.95366256,328.7139963,7.77920542,0.0,0.0,27.78905801,248.9728603,59.63283044
962.0773072,3579.320069,72.89090911,139.5788543,240.7105536,419.5318197,2242.380953,1264.474912
470.8801755,1974.972332,94.71926981,60.33153005,186.9242249,171.3795923,1364.894562,528.5628394
106.7287566,606.1493856,29.58509882,0.0,0.0,92.17015271,340.8506611,197.91179
1044.88564,4679.451507,34.5277798,8.94920922,160.2205634,209.4851733,2268.27763,677.787166
662.2520525,3191.540052,104.7924007,125.3653796,732.2605816,377.4778938,4387.304087,1964.038577
565.0738379,3148.659553,95.90290488,112.9861175,272.9989329,362.1258175,2048.842098,714.2932481
1963.462982,8676.896225,468.1092042,436.4834799,974.9776065,1674.982658,8665.350354,4185.481932
239.9527462,639.3374662,2.58986893,0.0,11.81079798,67.46604046,656.90364,152.0749572
3075.795069,11398.70043,782.4639232,464.0921615,1628.686146,1354.563872,10495.3857,4910.271242
15663.60376,68404.61918,2965.442691,3485.161916,13306.7763,12892.48278,70614.45498,37286.9935
6132.641432,21855.32763,1189.978418,802.9594825,2906.736328,4028.522603,22401.09509,8936.997881
3240.50278,13935.22969,1125.576219,693.8560766,2192.891226,2743.71146,14739.62136,7803.663346
139.9684783,704.2863765,10.6905693,3.68848805,2.51409069,49.37259946,231.3012047,48.04403998
80.94770638,272.7920178,9.08025975,0.0,9.2451957,70.52372292,320.2729177,121.9668643
1875.922497,8817.197543,146.3331778,324.8263485,771.6096046,703.2274131,7976.281732,2491.74052
296.6217578,1066.080523,43.38180336,13.76368561,85.50153518,212.1638851,1013.791045,459.0537098
1564.424446,6855.522809,379.6951981,300.3711224,1226.080464,1389.185509,7393.211987,3327.772362
678.7849855,2838.138705,69.45809865,151.4465637,575.2490127,560.0366784,3069.201262,1975.300819
591.454343,3013.985427,90.30231024,161.2269242,430.7480189,521.9866898,2514.85214,1180.469852
141.6426765,663.9658452,17.90492002,3.61089744,34.8989476,47.48439185,514.7152191,194.1305332
3066.099892,10053.77615,414.2809706,155.3480499,516.6234761,721.2199763,6613.907238,2049.834538
121.1871094,711.5057041,7.03208194,8.65300421,139.1672782,55.52125101,501.7791901,265.3734258
1333.962782,5348.184763,100.8558496,175.4599993,412.3849377,577.5988637,3080.636956,1003.016281
580.2871623,2457.380469,97.56856317,53.51231913,103.4611857,207.69267,1468.452206,427.6138005
216.8704822,825.180029,14.40380134,3.20456921,7.84667857,87.18119925,509.0662422,134.3109031
210.0093334,550.7030662,27.14049943,17.7342386,35.23959932,90.9688804,661.8459071,279.3706612
148.6128675,619.6182159,25.62062969,0.0,0.0,56.97166893,297.7822084,81.83391939
202.2578233,910.9966466,13.80654764,4.24025318,3.08863099,90.70028358,510.8898305,78.0504865
142.1212408,1254.692025,5.18277716,0.0,14.55238425,42.67627886,515.0607222,187.2379951
735.3272298,3638.064789,94.23285624,9.99233488,94.87386201,124.8417457,1552.102847,424.9792672
235.8316272,1161.382594,64.96328376,8.04775326,89.31223508,241.6381577,1429.962651,597.8899679
337.82757,1172.943165,77.37520342,97.73527362,198.33704,338.504749,1237.411671,991.9237395
145.486137,687.8908988,3.53513754,0.0,10.80291366,53.03962201,473.3575876,152.6775224
224.4319997,1007.447567,20.44439678,6.17345091,29.44225997,116.42969,790.8856848,321.5692504
464.5023102,2325.700449,23.22661986,0.0,0.0,48.8681075,757.1715962,104.3076819
61.55719975,316.5299359,11.67475751,0.0,9.22867218,55.72064481,273.2130482,45.21430595
36.41345282,191.5728396,0.0,0.0,3.92972632,60.63971095,177.4617335,27.16613385
392.4326198,1849.41067,29.75024372,34.01797616,80.89933022,145.7055957,1155.723383,449.8347579
786.8948764,2747.1184,99.59847092,148.6386379,336.5472539,255.2164202,2847.744698,875.1341902
128.4889874,310.2687403,11.19006024,0.0,29.49640778,44.803056,265.6536127,122.4790592
170.8898946,593.0340928,0.0,0.0,0.0,48.06378138,488.8907755,71.18211533
204.7208916,495.904369,15.89350662,2.97970209,13.80594031,53.90139727,610.7113309,100.1801721
2103.169217,7757.381518,426.4042511,380.5372113,1488.71067,1521.609393,9779.050326,3072.13882
315.8463002,811.7558829,7.0833972,0.0,8.54749725,48.40186436,350.2193386,78.64326626
1768.181369,5118.247736,267.2872382,291.5978892,918.2526305,696.5782444,4698.903199,2171.034243
310.6269186,1116.792322,22.90935305,24.61325761,84.16092918,193.6278232,901.3627559,377.4701072
229.0770809,881.1982455,33.80554482,0.0,37.16978879,41.43543547,511.1065805,129.132282
153.2794154,388.3673958,11.93199421,0.0,8.06513494,45.91144604,301.7496293,175.8863624
2031.037843,7133.608006,412.7968269,367.0913846,781.6973158,1442.323025,7822.471403,4211.748586
256.3202403,597.8949539,10.83108818,5.85310627,13.96502014,62.13683127,587.4312751,150.6074237
212.1611375,951.6057149,58.14320811,2.98764244,98.90257944,148.9276168,1216.601044,366.0693498
300.3209892,1047.230808,51.45748029,0.0,23.06776744,214.5206113,949.0525075,312.0092271
2088.853782,6342.267814,281.3198569,140.1183124,847.7728227,1198.539618,6334.150151,2765.859199
27175.37908,124747.0604,9377.857366,10131.55895,22707.03539,27026.71979,113150.3899,57381.23489
102.4095586,388.69308,35.63284748,0.0,13.09641694,53.81608511,383.2618381,123.5902796
781.4758541,4021.471947,169.9977052,265.9993826,787.9665206,935.8477266,5016.98828,2551.583893
3434.012368,16983.15168,1588.562722,626.6298532,2395.539947,2672.619664,16217.48663,9227.501016
270.2911715,1504.761476,59.18233285,0.0,38.53975744,89.57609267,664.611435,239.0827709
359.3503449,1535.015759,22.61310025,0.0,67.4544826,425.2325006,1042.02099,692.6420029
384.939166,1610.653306,64.26839972,5.78206754,130.2029661,176.2146191,1626.984536,682.8504339
439.0347794,1495.929525,64.31519975,9.24634043,104.096522,147.0463341,1373.98125,440.7252597
469.9703688,2153.834822,15.99402576,0.0,65.98584486,168.9617863,1206.09774,284.7244248
295.617323,1221.365714,46.35556116,59.52327,259.3731205,295.3203568,1203.191185,621.5760622
795.582004,3400.358092,249.3474453,103.0759634,547.4681332,529.6677886,2983.703229,1519.74976
761.5419363,2445.328201,89.95587266,85.3172913,90.64817535,238.352264,1686.622549,721.891011
2112.266284,6929.48016,261.2915698,239.5795228,790.8346405,1014.179252,6685.846084,2681.146816
775.821589,4208.767107,112.7119706,36.61231954,197.6401618,388.1186168,2052.385162,763.6767641
257.9513895,933.1256128,53.64249148,5.9656429,19.33583247,167.6573626,792.6027852,338.4499626
983.9114863,3398.302505,43.06067084,61.63600135,195.7383595,356.0689221,1884.460198,905.889571
150.1307701,684.0779796,13.47053714,0.0,8.06200998,121.3713755,460.4324812,134.967652
341.7979755,1713.855874,17.83633541,5.86275807,83.55705047,316.1345578,1346.499733,644.8517261
322.6377319,1124.149844,18.78926132,11.58741282,23.55233985,123.1285181,660.2271603,273.4555813
556.2761045,3637.399781,41.5985783,74.60058601,325.39597,307.2188691,2508.280963,906.2931223
71.14671623,310.8979677,7.83626088,2.06067927,3.6904088,39.63528746,121.8596968,53.68966314
650.5578573,2399.416977,75.30279736,0.0,89.22995541,349.1859539,1531.594907,705.2302577
295.4998185,1236.5481,22.6600785,3.23457132,20.77417723,95.90624638,784.2229448,210.076603
5944.17258,13121.05636,898.7200086,463.117672,2345.614125,3517.952588,16455.00139,8353.217669
117.6081793,295.8172542,5.10296033,3.45027204,6.15584752,31.28874169,215.3505852,28.93953125
426.6150389,1513.839694,16.39029619,10.9469025,43.69902175,154.5022819,773.9193398,452.3464831
2218.929154,6533.477194,447.7148247,325.1295282,1223.630813,788.9365021,5461.869861,1972.991365
230.7188875,952.791119,32.49025643,5.68510854,19.69620206,47.1225257,512.1971391,162.2156691
108.7367925,394.8005895,0.0,0.0,5.1590278,83.10268415,345.1761811,98.47171964
588.8693604,2950.005375,48.18952535,3.82784349,120.0145373,453.3709604,1717.896975,726.2226802
2063.80865,6033.344781,459.0125538,229.1105736,813.5699966,1294.864222,5518.970665,2639.823927
163.047933,494.4440048,16.26100522,22.46950137,32.562236,89.13198288,452.5088378,205.5658114
577.7757832,2243.481368,11.17293098,4.57661452,33.21493134,79.97940378,1210.012553,342.774208
2360.02397,7738.480028,367.181445,530.5098315,2095.443387,1286.93426,9396.869725,4860.041719
1121.386329,3654.893376,251.2604036,50.0821834,407.6500292,809.1276871,3734.707738,1994.681874
313.5087981,1307.222861,84.58020046,4.36447802,36.19825368,71.67503319,848.1794723,287.0561485
2371.376102,11263.80914,196.9842325,574.891722,1371.616562,963.8576366,8968.96588,3714.364681
267.6485303,830.8003368,45.52233208,0.0,29.6743995,214.4937079,656.5745224,293.8806554
1743.263711,9562.013762,263.3916236,172.955923,609.7611286,748.4426529,5949.637878,1833.007167
1496.206775,4869.582273,289.2946539,47.84958513,188.1607617,565.1144784,2337.984632,1035.318564
4870.321422,26001.1075,839.509423,1978.961035,3330.375481,4786.137343,31378.56975,10557.34932
516.5152502,2115.516195,95.64985458,73.10224,163.3324718,273.6152627,1780.707609,734.0681426
468.9651887,2114.716341,19.92282665,84.15748292,156.4438253,394.1750547,1694.49389,593.5915647
127.6965285,615.3106449,16.24377661,0.0,11.38151856,36.09719279,452.3656828,122.6625048
293.4806098,2204.858421,99.39147897,167.8391726,573.9724577,269.1668478,2804.196528,885.4966084
1106.659188,5693.219871,392.6990819,64.87485898,401.3725806,516.0282653,3265.217286,1394.262851
15403.36723,55693.0761,4078.662122,4878.448161,11222629.0,12436.94609,61668.42136,36131.83493
1218.793704,4870.19082,276.0009679,226.2287512,516.723786,683.29208,4177.800987,2204.823655
678.0227673,3185.118017,52.71766773,163.4724353,295.8601342,402.2845501,3701.427252,1210.993758
261.8742095,1510.810968,67.84046787,20.63117195,207.3952854,228.1371954,1553.1198,493.6141878
1113.243109,3738.266085,88.9994381,14.72082593,76.95939815,214.4333308,2246.27592,453.1993226
1152.509986,4004.739832,272.8877297,89.8884535,471.2657654,800.100869,3954.25808,1444.450827
3044.748303,8645.121583,626.1853387,778.5833843,3037.343889,2175.704092,13343.16616,7382.737371
368.0479983,1662.264961,128.0138205,203.37095,568.4837288,297.4547272,2119.781118,1009.322122
2069.041267,6430.292012,269.6556415,114.2295106,443.2263773,624.1408276,3764.616999,1237.356666
315.0441123,698.5517058,12.26132058,0.0,20.47314536,84.80954431,461.4796313,129.4632139
266.7701077,526.9508624,10.9271026,0.0,3.21279224,70.22027349,431.4298721,97.39481694
4432.820088,20558.94527,541.3703821,829.4294489,1728.319788,3051.590639,24068.55549,5531.217386
143.8666847,765.2539034,33.56728615,5.39750262,24.26311193,127.3846295,856.4413525,340.4514705
891.9737532,2916.166875,218.6757216,65.37250349,436.5520962,717.5535518,3446.1522,1775.300567
117.9418659,542.6210645,34.3952339,0.0,21.85234483,59.3174568,465.5885943,226.9842683
1811.028197,6955.660425,86.22665436,244.3529405,515.1425126,425.1408064,3866.847907,1001.240416
213.2477305,695.6635167,13.35343939,0.0,6.97338583,120.1814459,306.8590424,140.6827359
136.8913168,369.8368265,2.87963799,7.80921554,11.12246459,75.86682627,333.3439955,118.0930899
193.3682222,692.6440009,4.35756118,0.0,8.87801406,132.2988347,346.9701068,259.1138259
166.5682482,1436.625337,10.56640892,3.85494278,52.61471929,37.00390327,987.2865974,269.3052047
1881.587536,8218.808014,297.1988475,350.5524535,1088.576118,1144.298548,7259.306557,2859.996462
2591.532271,8007.610775,390.9648669,374.5995772,960.7547311,1269.952589,8693.040061,3268.554226
634.9258407,3932.234948,44.85031613,10.738797,115.1616488,183.4181729,2631.436307,378.9452088
610.3969074,1909.252492,72.51093012,165.3066565,193.754559,457.1429558,2024.442712,811.6151401
78.49530138,313.1932435,0.0,3.52071036,2.44959556,37.33584244,284.0551636,35.21124457
1093.739927,2854.257955,69.05855655,49.9311943,204.3877306,500.2780586,2530.460158,640.4793046
12280.81727,47497.43765,1535.097442,2481.590541,5923.615027,5274.404866,46671.78656,15999.92229
184.1622199,1023.049302,11.98730598,0.0,21.72015306,75.94883255,447.3114185,92.79791423
170.2086871,635.1109944,28.21316544,3.22611678,14.95787601,76.63096127,643.2963875,163.4908589
328.1063775,2058.821616,37.0518467,49.22214206,289.9318084,314.8277139,2456.52542,978.3927949
1556.369637,6720.353503,160.2329791,386.9671798,1146.928753,1166.4966,6704.738394,2322.101929
7514.66654,30328.64594,2301.861697,2462.867841,7152.183643,8046.278157,37586.71979,25308.71086
1217.766734,5615.819228,266.7999151,216.6425568,773.3006928,860.914683,6354.031643,3181.127401
1337.496822,7209.712484,240.1898839,117.5033283,644.070026,1163.904514,4664.254852,2086.531038
148.630332,580.085213,5.08014362,0.0,2.17971556,52.0153592,289.0238049,90.71509676
487.2863287,2248.560309,53.25765639,105.0993253,280.0785753,287.2037329,2127.747109,637.2770785
103.0949887,633.845578,2.18427724,0.0,8.42846379,24.0389649,315.9079468,49.15833101
343.4141402,2248.784786,61.05250595,11.92621724,50.21750705,143.2771499,1878.702828,467.275843
232.7512147,1058.559889,44.79656872,11.13309138,41.58581793,163.7456951,823.6078079,236.6729513
222.2045405,1593.307134,16.03240916,21.64414118,86.24548176,158.1546871,1128.426795,415.0177063
1345.568797,4844.225564,273.0064576,112.3843527,606.3246856,604.3960257,3921.427965,1658.849509
121.5318644,777.6774671,3.97295757,0.0,4.34588781,62.11081805,394.3759832,71.36815643
800.5404469,2993.916746,120.7712139,85.68340553,511.2007376,699.2871885,3085.214148,1276.463233
218.9807635,1090.94422,6.38849309,30.8243503,21.67587679,81.27884697,1026.607178,292.2940692
2142.416562,10194.79379,372.4176119,463.7723324,1553.170269,1207.010335,7503.609368,4251.474304
320.9277657,1355.024173,30.86701623,5.56824553,43.1566717,74.73310444,648.8426835,221.2303902
249.8489444,656.1204675,9.756232,0.0,0.0,40.33548489,418.1387124,117.7877982
523.2590096,2248.112569,28.53898241,35.35683349,147.3262907,215.0648851,1342.830214,667.0449063
1136.048164,4675.185266,30.20281519,0.0,39.85521178,165.690275,1121.205828,335.1722235
182.6482177,949.0394782,8.46721199,0.0,8.57383557,66.1638427,466.450506,95.12141271
206.2465854,792.7428592,38.65122033,0.0,19.28089273,182.7631333,599.7971057,277.7376621
103.3108174,349.5059605,7.14116678,0.0,23.53814868,56.5967298,319.9666166,66.03070035
264.8959186,1494.624248,21.39942947,0.0,30.60539224,37.2048613,1021.789753,117.9483624
4281.133715,18303.90005,686.0352975,902.4896367,2749.024828,3706.447511,25241.47268,7600.245044
21726.86962,81501.36091,10647.18416,10997.08321,23927691.0,21519.26937,107654706.0,79950.55002
111.1734472,608.9242219,4.74141629,0.0,0.0,44.18525793,511.4592502,249.3386624
564.1330752,1813.876201,44.72149131,70.87329067,210.8615061,213.3683684,1240.280352,366.9261696
393.6227673,1463.971783,69.36688682,3.90330016,57.6671144,230.299618,1043.816297,520.6218432
7642.893882,26426.89415,2206.924371,1644.39907,5962.269136,5759.655369,36096.03601,19389.19472
1467.270976,5552.97491,196.4670199,146.4316197,347.7309424,731.4546875,5301.602132,1270.297945
1762.812472,9689.02853,243.0873197,331.0400556,358.1043651,848.133022,8744.380177,1062.307384
564.9275134,1344.945983,47.57038634,50.98770334,127.1926524,260.5339786,1026.54699,379.496311
255.3035842,1094.938713,11.15236996,2.38727743,9.17686759,70.44932206,485.0148619,230.4265543
706.7391421,4037.715261,326.6464922,167.8022969,600.750279,448.593209,3077.646534,1222.96467
475.1272525,1769.325481,56.09387616,4.24067888,64.07521671,211.6646805,1674.646015,550.1424949
206.6001202,419.6019853,2.20531324,0.0,4.97060114,54.93460559,304.6523,33.48859467
170.0803517,409.7721685,29.95565742,6.96411943,16.87012163,113.5114611,447.9358811,198.4388102
320.9038701,737.6758842,11.0143413,0.0,48.47328745,84.52268602,690.3718955,254.3485125
89.86542043,499.1573338,13.75183874,0.0,8.44161997,57.49508394,317.5188993,81.59144434
205.3071878,887.2243009,7.89442498,7.19484938,21.6565516,98.56992802,734.5803768,239.1742182
333.8905755,1683.241704,65.5088419,15.10848132,158.9100555,263.2166656,1605.653146,720.4327028
452.3983497,3404.020198,67.09801623,0.0,84.79362505,285.1665347,2296.071759,720.80803
174.7617267,937.4997408,6.76596532,0.0,14.49845059,88.07040176,563.6387474,140.9907793
129.6277311,1110.88384,48.05958055,14.05831198,97.43370934,270.4550079,1310.914227,378.3297654
4333.457757,17066.69746,784.7209989,945.8700827,2072.762825,3968.965748,19378044.0,7032.590803
1777.593692,8186.337168,168.9565892,221.6859916,287.4284309,731.6073436,5684.704684,1371.764278
230.9803319,1689.756619,37.60481095,21.23946686,44.2288265,68.68570611,1061.063157,394.1834251
202.3078988,725.8415335,9.36738695,0.0,17.2234863,65.86292073,561.8595368,120.3660955
566.9035007,2113.006046,97.02767738,43.53895066,285.2768305,337.4685363,1981.254284,722.3163464
168.276051,857.5177338,18.7177331,0.0,28.24367226,145.3255465,646.2808341,270.2899348
6873.771429,31267.51505,1574.787223,1406.705813,3527.828503,5087.924826,31077.07021,9066.714543
459.6456436,2620.930313,28.35867746,54.0271735,162.7373827,296.9732553,2007.431892,632.3304671
90.61814626,376.6560487,10.66549572,0.0,1.87113111,80.13371251,253.3715615,108.2993545
235.1756955,582.87675,14.95550759,11.84126501,54.37056715,113.8600833,622.504223,285.5198929
161.6921258,638.1685623,26.19378127,2.47152265,16.57247273,9.35047312,225.8205037,62.54370568
1186.204406,4642.848464,169.6453489,189.9375437,591.8299623,562.0828017,3518.62419,1451.562539
1703.745306,6372.724292,518.1402477,373.0220952,1060.34333,1242.264286,6141.015734,3530.845251
216.8296622,1217.872129,46.46528274,0.0,37.22022429,131.4646196,724.6203182,193.6601513
1162.299142,4499.912611,413.8078161,129.5257296,435.9482577,1370.083671,4016.063903,3192.809153
1049.079096,3874.871234,164.3520685,9.8682152,249.6593053,476.6645769,2705.001161,690.9875378
2200.942815,10245.33466,356.4668304,151.2856106,420.9842026,896.5572374,7265.271161,2054.225644
405.5296596,1429.658592,24.01795019,3.38632377,111.0336109,85.3852011,1154.829261,180.339151
350.0438079,1158.161236,25.46125265,4.36923098,27.99520181,49.64195138,545.3631372,139.921027
191.3146948,516.4172289,5.9506018,0.0,3.07203135,15.55772862,434.2874778,92.75118231
893.5857666,4246.701288,278.3128283,134.3828612,893.4430324,559.1286523,4842.407072,2254.830594
65.12448597,364.0131597,9.15183792,0.0,12.79123784,94.36799269,312.6942949,195.8049953
870.0218532,4227.581635,132.6483227,200.2308244,607.1572037,660.64215,4001.263193,1457.764741
65.15004098,182.4723206,7.26292482,0.0,4.15810327,58.469216,257.6495001,70.70326656
52.22448098,209.7522149,6.22359815,2.8272622,17.73603485,65.81610903,262.4055332,81.88232228
6367.601822,20346.50827,973.9360604,1389.055757,4386.342414,4261.187792,15325.72362,14660.68975
582.0671639,3754.235539,191.7776991,227.9355428,521.5920911,558.5034017,3369.069279,1065.294187
18366.06622,94395.50547,7486.505857,11870.94174,26550.33938,33611.43865,139256.5419,88707.03442
173.9961714,1079.471779,19.49103824,18.47178397,33.95648737,115.7598457,585.8137517,351.6313098
1176.772777,4123.924948,111.8929651,51.45368965,268.4174099,320.48473,1993.678575,713.0870094
471.8699984,1983.973739,64.34582127,2.35878449,33.37119531,207.6383627,1041.879753,289.8376445
357.7285075,849.6883565,0.0,1.8999328,34.29046131,74.28271871,534.2921324,238.7146333
218.4038731,1346.864011,14.15874276,9.50328571,60.67173439,66.41853444,682.2212029,250.7597993
121.191002,549.8705863,0.0,0.0,12.7470794,35.68606521,459.3226533,60.76932489
176.3788539,785.9208082,11.84402899,0.0,20.10507843,103.083665,667.3034671,134.1742809
12402.78698,42294.28541,3790.63409,7105.14301,22468.15536,18407.83356,92441.25481,80952.51436
378.3421069,1687.36871,27.20536015,4.08314716,240.7024085,157.7802727,1191.047729,633.270692
34505.95526,121844.2463,9089.313455,10066.01811,24964.0642,34576.13262,148713.3798,91951.4189
5210.120374,15152.01696,1764.409105,1765.454169,5859.344359,9782.558454,31154.86929,33023369.0
8367.028026,30251.43106,5609.532194,2660.744737,7455.581015,6115.705768,46501.4896,25408.77853
107.4291383,474.8469139,20.49681877,0.0,3.64277064,76.81143471,252.4237738,137.5788231
2715.624955,10961.91332,698.9454891,936.1958818,2759.978459,2015.924275,13734.85547,9317.558514
97.47682671,484.3428809,0.0,0.0,9.15180133,67.95952312,340.853286,113.5050042
82.9901786,311.4402599,12.59605518,0.0,3.62679131,77.61755271,251.2193742,80.86253284
105.8376674,306.7385718,26.97922184,2.04501596,15.60520595,35.87812771,281.9293397,141.2868106
1897.732793,6914.215133,309.4498659,390.9037874,1077.288144,978.4748229,7725.590123,3383.603389
458.6787224,1700.229732,0.0,9.34636456,5.98573065,68.78984828,783.430913,206.1855076
222.9533129,818.667484,0.0,0.0,36526.0,52.9714313,409.0183047,150.8829836
1713.900387,7444.88707,525.3906883,441.1021836,1534.901113,1456.575795,7385.344816,4188.235305
16484.10424,55098.09488,6244.021435,4622.675354,13790.85169,14709.50456,70766.32637,50881.44818
23805.46979,102023.5454,6465.446725,7926.472159,22444.2031,25546.86498,125712381.0,69318.44003
727.3486227,3570.019692,66.80957631,31.07930919,137.7268908,267.0227472,1944.828894,576.6616875
250.9464667,1772.383789,46.04098229,0.0,60.32280166,156.4691281,1005.29579,556.2885571
1511.287353,6100.512858,392.9550942,258.1766769,918.3142976,657.8317488,5106.728092,2616.583984
1424.041106,5948.139713,83.44994475,44.60549965,199.6649217,212.3680331,2927.178167,1170.927165
450926.9954,1902990315.0,160576401,181846.1026,428811336.0,479612.5689,1930145706.0,1461291214.0
1407.185956,4883.811232,237.8791969,165.8534108,634.1823777,520.2922162,4597.035648,2229.353739
404.3228249,1345.03758,52.47265707,6.98386278,25.45663673,173.1142309,762.7950654,250.3211488
3315.287198,13489.68005,711.8716291,568.0031562,1983.047971,2335.172658,12078.81028,6612.726175
4823.123379,14991.68412,552.2095197,363.9260595,1351.884634,1367.438452,11605.33432,4642.125022
412.2243737,2048.213939,42.06501323,42.07066059,155.7516337,109.589507,1231.819047,671.0796566
472.6751668,2348.666214,84.42729512,110.7290198,502.7955606,285.1944748,2826.507262,803.5387731
12172.85039,59103.10716,1551.426016,3785.989122,8885.288925,7592.160693,67409.20433,19695.23249
637.8905347,1676.16139,16.37576362,7.97910669,12.98495843,112.2849823,803.9915536,335.9833137
173.5648358,704.1932256,14.63744766,8.44189507,7.53915889,29.65206588,304.4738915,108.1498732
107.4016279,434.8969622,14.03938926,1.67598826,2.97593794,103.5659528,415.7010586,186.4104459
434.2904915,2214.094369,0.0,28.83083949,53.11645574,107.3574918,1190.43354,369.851067
1163.003844,3801.811473,90.8575788,72.48859482,543.3815399,594.6804373,3627.606029,2079.064657
2323.784115,6862.828039,196.1734868,298.0464347,786.5384982,464.3122532,5441.641995,1072.129215
5310.792298,19622.89902,1122.358371,780.6833997,2744.608475,2981.463259,14611.62527,7214.494598
988.1950134,2343.359962,26.65746355,21.4866984,59.54427227,165.3663628,1204.580742,432.2838943
819.9572765,2795.117653,39.24317056,0.0,74.49717042,383.3715718,1610.059135,451.1847451
243.8849957,1095.487584,12.93556003,6.6141898,24.22665889,72.49170989,666.1091029,151.5274822
1620.196405,5038.923051,167.6553129,278.6541366,642.0058216,848.0183377,4081.025082,2218.879816
22440.9182,97887.90154,6755.831363,6433.622728,14503702.0,21340.11077,112213.6068,61575.02014
357.3651381,1545.843768,105.5445377,4.49374949,44.18305984,178.5044902,1069.372962,505.2592748
11399.4312,45154.36939,1518.868963,1861.679762,3683.746181,6229.806397,42043544.0,11450.91158
168.2598925,867.359071,69.95971821,0.0,10.4361145,80.27005859,255.7072019,159.0587238
11594.04013,53648.05867,1247.895894,1784.714093,3945.47105,5675.669033,48985.96606,12741.36673
390.4156002,1761.678328,75.53054482,0.0,51.76684723,171.4811089,1362.211501,562.5801392
574.174828,2257.821775,101.4012242,112.249689,162.5440979,231.2899851,1232.634242,592.5811149
11665.03093,47809.6585,2233.318427,3103.056709,5943.479651,9105.56092,43730.88425,15970.12915
238.5387081,1089.289685,24.28248757,0.0,29.04158086,101.5505357,730.0511654,231.8767448
725.1612204,1782.261322,51.60756781,10.71222153,76.41311101,125.5799127,986.8121246,464.5132333
209.3071103,1117.351264,24.08791887,0.0,56.77178898,99.40690188,446.5993555,291.045929
145.0350218,841.7274006,53.38014582,0.0,47.14977828,107.650598,693.5750359,353.3844967
1063.30321,3153.83596,112.1736598,185.796381,480.363512,437.507514,2660.816244,1400.33161
934.1650148,3146.072436,166.6648329,187.933689,379.332613,562.8963306,3312.941243,1450.774425
416.7770475,1700.011916,21.42503039,6.1745735,24.5518594,97.62713842,597.8518361,192.1789995
513.6088328,2236.979422,69.34139354,91.56048083,167.7296961,205.1745827,1428.934692,765.5465121
147.0562069,480.2588208,4.67556196,2.48384589,35.29060998,100.618937,291.8603863,69.0995337
1965.293063,8800.267182,653.5932316,369.384442,1099.124037,867.2791916,7875.928235,3659.493662
987.333029,4624.324227,174.8754675,158.5273791,482.7341353,215.2821296,2344.44807,1001.194486
260.2222989,1149.362049,18.04566976,11.73316652,27.25270086,22.31003642,472.7942177,69.29248549
236.7901612,1371.728111,28.39334422,0.0,24.98457519,126.3904309,875.2148181,207.9642755
768.3679967,2508.121189,99.82899322,4.53745438,48.77210266,338.9903318,1767.563738,394.0805381
4490.475985,17714.62804,940.6376414,877.4224953,2712.689316,2571.775373,16026.19528,6528.538661
10726.94918,43648.63773,1750.246225,3553.906031,9787.731092,12791.87926,57342.30065,28874.09183
234.9034815,1078.029166,16.19277157,0.0,3.63461909,53.86345349,335.3741312,87.24919304
1007.487945,3970.109719,128.2065729,71.52387439,323.2343069,414.8021882,3027.260714,868.355987
344.8426631,1487.151888,36.70095322,9.2565592,50.13266007,226.2616148,999.6621668,461.2519964
1790.121132,5159.266216,171.9149924,383.4549419,887.2003315,845.5740978,5300.252688,2833.513861
116.5989457,464.532856,6.04346667,16.46405889,47.25264168,57.09679123,250.9914694,101.1111269
91.02270837,437.9783848,0.0,0.0,0.0,41.75909183,354.0480942,40.03902411
298.8657853,1407.849567,87.97086566,0.0,59.65407268,202.3487333,1070.497298,479.6014534
58.5282139,341.5610749,0.0,2.38094666,3.66984629,25.36432803,185.5669056,45.16004254
1537.85704,5988.779882,193.9547466,414.0218995,1489.486131,1321.595523,7158.091205,3612.669937
176.9980517,910.3834695,27.98536015,4.3981366,54.76550066,157.8812881,774.8589336,254.9872196
169.4738629,1014.738269,10.71200684,0.0,12.84743743,102.0934313,771.0872661,228.0414321
1824.194381,8473.694219,500.1466854,501.5691187,1466.430136,1432.667386,9546.293126,7045.089371
359.5327746,1597.854749,113.3777408,108.4615243,239.5065407,413.6523306,2113.808057,1361.725092
109.6013526,273.4265717,5.10697193,0.0,13.39490083,69.21199862,267.0703814,134.6295104
80.15602528,253.6721666,6.97196076,0.0,17.49508521,78.88275353,164.6159769,165.9722918
342.2034072,1034.506749,13.14985443,0.0,14.0911434,81.98447379,534.1944009,103.8650739
4126.916906,16757.91005,343.6736385,486.5159941,1338.598914,1340.038031,11816.11404,4878.695525
170.7627096,806.3821145,14.84012289,0.0,11.81136491,117.4096991,489.3881635,173.0656165
305.9331325,1601.783713,52.31127707,0.0,38.0598664,219.8559453,1054.653479,592.4082847
63.06472243,279.9471295,6.0489653,0.0,2.21373969,20.29855164,214.852526,32.86596439
318.4170202,1307.493532,56.33186865,40.59588381,109.5445567,282.31594,1190.395857,598.5494123
105.1060627,156.0497302,4.55560251,0.0,4.89064022,25.52033659,174.5962064,66.77988309
382.138872,1707.733406,30.88977428,0.0,194.4264367,317.1363353,1795.855069,580.1049932
510.6062114,1715.189015,54.10483445,22.70461802,67.6740341,226.1047847,1427.538665,490.4521926
3912.537841,13864.65771,1366.83094,1709.683387,4750.140233,5074.232955,19256.04542,14823.09897
711.682405,3275.265781,58.11178896,132.7602992,522.050657,599.2144306,3261.365446,1032.357383
355.2718812,1583.679459,2.47283157,3.51089746,58.2988771,136.813412,910.7504495,244.2596406
1594.123439,6606.236921,227.8527936,199.7606828,741.3899371,757.7135167,4126.758847,2007.910588
1810.074757,7964.364767,208.999616,626.9680301,1016.428387,1079.369592,6285.955052,2851.085827
5184.110182,19470.10377,581.3900293,530.0083392,1708.963596,3033.453765,15562.00572,3099.425159
498.7479307,1813.260378,57.42444252,11.6933918,187.3058933,182.7144966,1655.494439,660.9852665
2311.01061,9296.929655,844.1542843,750.4161027,3171.229619,2403.755723,11489.37285,8360.101134
816.1278704,2746.155465,65.68847971,128.6469835,433.6454301,658.1814365,1974.356466,966.8591101
305.6135548,1094.67386,29.96036956,14.36054201,81.36352591,176.8574157,923.7779746,246.6717903
59.34028375,265.3651378,16.28255487,0.0,12.29107713,26.9186907,229.2364926,64.62486225
5469.424982,19089.57068,657.600624,899.8554453,1987.983862,3019.981657,21416.85201,5387.290156
3113.86685,11349.7749,366.249889,695.6538325,2212.276594,3377.791446,14160.19803,8833.22195
89.24739453,346.6170926,0.0,7.21241513,29.61250692,53.27121619,365.4692235,113.1579093
